"김영환 지사, 과기장관에 AI영재고 설립 지원 등 건의"
"KT·서울성모병원, 당뇨 관리 돕는 AI 기술 개발"
삼성전자 ‘AI 챌린지’
"삼성전자, AI인재 키워 반도체·디스플레이 연구한다"
'2022 스마트농업 AI 경진대회' 개최
"코트라, 'AI 활용'…중견기업 ESG 모니터링 지원"
"빅데이터·AI 기술로 교통사고 막는다… 도로교통공단, 위험도로예측 서비스 ..."
"영남중·대구고 SW동아리, MS 주최 AI 경진대회 수상"
"네이버-네이버클라우드-충북대병원, AI 활용한 스마트 병원 구축 '맞손'"
"""AI 상담원이 사람 잡아먹는다""더니…놀라운 일이 벌어졌다"
"KT, 공감하는 AI로 ‘사람다운’ 로봇 세상 만든다"
"타임게이트, NIA ‘2022년 AI 학습용 데이터 구축’ 6개 분야 수행기관 선정"
"KT 대구경북본부, AI로봇 등 인공지능 기반 다양한 서비스 제공"
"아마존, AI 로봇 진심 ‘아이로봇’ 품었다"
1억개 데이터·AI로 피부병 정밀 진단·예측
AI와 대화·이동통신 모니터링…‘고독사 예방’ 팔걷은 지자체들
"삼성전자, 대학·대학원생 대상 '2022 삼성 AI 챌린지' 개최"
"영진전문대 AI융합기계계열, 로봇관련 학술대회 논문상 수상"
"KT-NIPA, ICT 벤처에 DX 컨설팅·AI인재 양성 지원"
"조선대 김영식 교수, 프라이버시 보장 AI 기술 공동 개발"
조선대 ‘AI·SW 여름방학 아카데미’ 진행
"충북테크노파크 OpenLAB, AI로봇 코딩교육 추진"
현대차 `R&D 경력` 세자릿수 채용… AI 인터뷰 도입
"도매꾹, B2B 마켓 최초 AI 상품추천 서비스"
"서울시-KAIST, 기업 내부서 고급 AI개발자 인력 양성하도록 지원"
동강대 AI 기반 맞춤형 토익 프로그램 실시
지금 들어가고 9월까지는 팔아라…AI가 예언하는 '나스닥100'
"남성희 전문대교협회장 ""전문대 AI·반도체 전공에 4년제 허용해야"""
[AI-META 시대 '미래전략']<26>교육 대전환
"GS네오텍, AI 적용한 차세대 보안 서비스 ‘사이트디펜더’ 출시"
AI와 영어 말하기 대결…윤선생 '말하톤 대회' 개최
"시 쓰는 AI, 인간에게 던지는 화두는?"
"과기정통부, AI 초일류 전략 내놓는다···AI 활용 제고에 방점"
"""AI는 LG죠"" 과기부 주최 심포지엄 주관사 합류…그룹사 총출동"
"조선대, 화정중서 ‘AI‧SW 여름방학 아카데미’ 진행"
"라이언로켓 X 티그컴퍼니, AI 접목한 새로운 K컬처 선봬"
"카카오가 찜한 'AI 아이돌', 뉴스 생방송에서 일냈다…'가상인간' 열풍"
‘땅개’서 ‘AI 무장 호랑이’로… 전투력 초격차로 적 초토화 [S스토리]
"똑똑한 'AI 은행원' 나온다...금융위, 가명정보 AI 데이터로 허용"
"KT·서울성모병원, AI 기반 디지털 트윈 기술로 당뇨 관리"
[경기] 경기교육감 인수위 백서 발간...AI 기반 교육 시행
"서울시-KAIST, 고급 AI개발자 양성 프로그램 지원"
과유불급 우려되는 AI영재고 유치 경쟁
풍선 속 다이아몬드 찾기…중국 쇼핑몰 아수라장｜AI가 Pick한 세상
"KT, EBS와 AI 인재 육성 맞손"
"광주시의회, AI 전문가 초청 '인공지능 R&D 발전방향' 공부"
AI가 이젠 시도 쓰고 작곡도 한다…저작권은 어떻게 될까
"김포공항 AI, 반입금지 물품 1초만에 잡는다"
"에이프리카, AI 통합 플랫폼 '치타' 조달청 디지털서비스몰 등록"
"진천교육청-진천군-카이스트, K-스마트교육 2.0 로봇 AI 영재캠프 개최"
"의료기 유통 에이치엔드림, AI영상분석 우경정보기술과 협약"
"고위험 수입식품, AI가 차단한다"
"현대차 연구개발본부, AI활용 대규모 경력직원 채용"
"코트라, 중견기업 'ESG 이슈' 모니터링...""이젠 AI로 하자"""
세일즈포스·마이크로소프트…전세계 AI기업 한방에 투자
"포스코그룹, AI 기술 자문위원회 신설…'미래 전략' 수립 시동"
괴산군도 합류 … AI 영재고 유치전 `후끈'
"포스코그룹, 'AI 기술 자문위원회' 신설…""신사업·인재 발굴"""
"아미크-KAIST, AI 기반 'ERP 시스템 위험 사전 진단' 기술 공동 개발"
"서천교육청, 미래 시대를 위한 AI 교육 교원 연수 운영"
"aT, 농산물 가격 예측 AI 경진대회 개최"
[VC가 찜한 스타트업] AI로 면접영상 분석…채용 공정성 높인다
"KB증권, 인공지능 기술 적용한 'AI상담 콜봇'"
"[Pangyo Tech] 리빌더AI, 가상공간 구축 위해 메가플랜과 맞손... 다량의 실사..."
"김범진 밸류맵 대표 ""AI 활용한 자동 건축설계 서비스 선봬"""
"[포착] 한밤중 극단적 선택 직전, AI가 극적 구조했다"
"KT-강동경희대병원, AI로봇 활용 병원업무 디지털전환 협약"
시(詩) 감정선까지 짚어낸 AI...‘무한도전’
[수필여행] AI 자동차
"KT-NIPA, ICT 분야 벤처기업 육성 AI·DX 인재양성 추진"
"호남대, 광주발달장애인훈련센터 AI교육과정 자문"
덴마크에 AI정당 등장···2023년 의석 확보 목표
AI 기반 유·무인 복합체계 구축방향 ‘한눈에’
"에이젠글로벌, 'AI FDS' 한국사회보장정보원과 공공재정 AI혁신 성과"
"'모네인 듯, 모네 아닌' AI 그림…예술적 가치 있을까? [아트마켓 사용설명서..."
"DL이앤씨, AI·360도 카메라 기반 현장관리 솔루션 도입"
울산대 맞춤형 AI 인력양성과정 수료식 개최
"[AI·VR·AR, 미래를 연다](9)써니팩토리"
"기보, 신입직원 75명 뽑는다…AI역량검사·블라인드 채용"
[김주하 AI 앵커와 쉬운 우리말로] '스키드 마크'를 우리말로 하면?
[AI-META 시대 '미래전략'] <27>기후변화 위기
꿈돌이‧빠망‧루미…지자체 캐릭터 살린 AI 돌봄인형 보급확산
"지질자원연, 제2회 지질자원데이터 활용 AI 경진대회"
"키움증권, AI가 고객 투자성향 분석해 자동으로 자산 배분"
KAIST가 'AI 반도체' 주도한다
[이환주의 아트살롱]AI와 예술 1화: AI가 노벨문학상을 받는다면?
[삼성화재배 AI와 함께하는 바둑 해설] 수에는 가격이 없다
"롯데정보통신, '보안 AI 모델'로 지능형 위협 차단"
'인공지능(AI) 활용 간담회' 개최
"강기정 광주시장 ""여당이 AI반도체 단지 등 현안 힘써달라"""
"금융위, 금융분야 AI기술 활성화 나선다"
"""딥페이크, 사회·국가적 혼란 초래 우려…AI로 AI 악용 막아야"""
AI 스타트업 ‘마크비전’ 260억 시리즈A 유치 성공 [주간 VC 동향]
"[게시판] KB증권, AI 상담 콜봇 서비스 오픈"
시 쓰고 그림 그리고… 예술영역 넘보는 AI
"제이엘케이 AI 치매 분석 솔루션, 태국 허가 획득"
"DL이앤씨, AI·360도 카메라 기반 현장관리 솔루션 '디비전' 도입"
"농정원, '2022 스마트농업 AI 경진대회' 개최"
AI융합기계계열 학술대회 영진전문대 논문상 수상...전문대 유일
"삼성전자, '2022 삼성 AI 챌린지' 개최"
빅데이터·AI 기반 위험도로예측 시범서비스 구축
"삼성전자, 우수 인력 발굴 위한 '2022 삼성 AI 챌린지' 개최"
"삼성전자, ‘2022 삼성 AI 챌린지’ 개최…9월16일까지 접수"
국내 대학·대학원생 대상 '2022 삼성 AI 챌린지' 개최
"타임게이트, NIA '2022 AI 학습용 데이터 구축 사업' 6개 분야 수행기관 선정"
"서울시-KAIST, 고급 AI개발자 인력양성 프로그램 지원…교육생 35명 모집"
"영진전문대 AI융합기계계열 학생들, ICROS 2022 학술대회 우수논문상 수상"
"KOTRA, 중견기업 ESG 위기감지…AI로 관련뉴스 분석 후 제공키로"
"삼성전자, '2022 삼성 AI 챌린지' 개최…""시상 규모도 확대"""
"삼성전자, AI인재 발굴한다... '2022 삼성 AI 챌린지' 개최"
"""AI가 표정·음성 분석""…현대차가 지원자 면접에 도입한 방식 뭐길래"
"AI·반도체 우수인력 키운다…삼성, '2022 삼성 AI 챌린지' 공모전"
"도매꾹, B2B 업계 최초 'AI상품추천서비스' 실시"
"조선대 김영식 교수, 프라이버시 보장 AI 기술 개발"
영진전문대 AI융합계열 학생들 '우수논문상'
"김영환 충북지사, 과기부에 AI 영재고 설립 등 건의"
"충북TP 오픈랩, AI로봇 코딩교육 추진"
"가상의 쌍둥이로 내 병 미리 찾아낸다... KT, AI 헬스케어 시스템 개발 착수"
"KT-세존, AI·DX기술 기반 방역 산업 분야 협력"
"영진전문대 AI융합기계계열, ICROS 2022 학부생 논문경진대회 우수논문상 수상"
"KT-NIPA, DX 컨설팅 및 AI 인재양성 '맞손'"
"포스코그룹, AI 기술 자문위원회 신설…신기술·전략방향 조언"
"삼성전자, “국내 대학·대학원생 중 AI 최고수는?”"
"AI 활용, 고위험 수입품 선별한다"
금융 분야 AI기술 키운다…'데이터 라이브러리' 구축(종합)
"삼성전자, AI 인력・기술 난제 공모전으로 해결"
"영진전문대 AI융합기계계열, 학술대회 수상"
"현대차, 전동화 등 연구개발 경력 인재 대규모 채용…AI 활용 인터뷰 도입"
"KT, EBS와 AI 교육 협력…""디지털 100만 인재 양성 기여"""
"삼성전자, '2022 삼성 AI 챌린지' 개최…국내 우수 AI 인력 발굴"
"GS네오텍, AI 기반 보안 서비스 '사이트 디펜더' 출시"
"이영복 제네시스랩 대표 ""사람이 갖는 편견…공정한 AI면접에는 없습니다"" [시..."
"괴산군의회, AI 영재고 유치 건의문 채택"
"영진전문대, 전문대 유일 AI융합기계계열 학술대회 논문상 수상"
"KB증권, 인공지능 기술 적용 'AI 상담 콜봇' 서비스 시행"
"현대자동차, AI로 대규모 R&D 경력 인재 확보 나선다"
"[VC가 찜한 스타트업]AI로 채용 혁신 제네시스랩, 공정성·속도 다 잡는다"
"삼성전자, 제2회 '삼성 AI 챌린지' 개최"
"영진전문대학교, AI융합기계계열 학술대회 논문상 수상"
'삼성 AI 챌린지' 박두...AI 기반 활용한 신소재 연구·컴퓨터 비전 2개 부문...
동강대 AI 기반 맞춤형 토익 프로그램 운영
"KB證, ‘AI 상담 콜봇’ 서비스 오픈"
"호남대, 광주발달장애인훈련센터 AI교육과정 자문"
"KT, DX·AI 인재 양성 위한 MOU 체결…ICT 신사업 중소·중견·벤처기업 육성"
설계대로 잘 짓고 있나…AI가 콕 찾아낸다
"동강대, 'AI 산타' 플랫폼 활용 토익 교육 실시"
"포스코그룹, AI 기술 자문위원회 신설한다"
"KT, AI로봇 기반 병원업무 DX 추진"
"영진전문대 AI융합기계계열, 제어로봇시스템 재학생 전문대 유일 우수 논문상..."
"포스코그룹, AI 기술 자문위 신설…미래 전략 수립"
금융 AI 개발용 공동 데이터 라이브러리 출범
"인공지능 솔루션 전문기업 리빌더AI, 메가플랜과 가상공간 활용 최적 솔루션 ..."
"삼성전자, 'AI 챌린지' 개최 … 주제는 '신소재 연구·컴퓨터 비전'"
"삼성전자, 대학원생 대상 'AI 챌린지'... 신소재 연구·컴퓨터 비전 공모"
"KB증권, 'AI 상담 콜봇' 서비스 오픈"
"KT, EBS와 손잡고 ‘AI 꿈나무’ 육성"
"포스코그룹, AI 기술 자문위원회 신설"
"윤선생, AI 영어 말하기 '말하톤 대회' 개최"
"아미크-KAIST, AI 기반 ‘ERP 시스템 위험 사전 진단’ 기술 공동 개발"
"포스코그룹, 비즈니스 전략 조언할 AI기술자문위원회 신설"
"GS네오텍, AI-ML 기반 보안솔루션 서비스 '사이트디펜더' 출시"
"""초등생도 '코딩' 즐기도록""…KT, EBS와 'SW·AI' 인재 키운다"
"영진전문대 AI융합기계계열, 제어로봇시스템학회 학술대회서 논문상 수상"
"호남대, 광주발달장애인훈련센터 AI교육 자문"
"포스코그룹, 'AI 기술 자문위원회' 신설"
금융권 AI 도입 확대되나…금융위 '데이터 라이브러리' 추진
"현대차, R&D 경력 인재 세자릿수 채용…'AI 인터뷰 도입'"
"포스코, AI기술 자문위원회 신설"
"포스코그룹, AI 기술 자문위원회 신설…기술 공유·토론 진행"
"KT·NIPA, AI·DX 분야 인재양성 MOU 체결"
"현대차, R&D 인력 채용…AI가 면접 본다"
금융권 AI 도입 확대되나…금융위 '데이터 라이브러리' 추진(종합)
"경북교육청, 누구나 가능한 SW-AI교육 기반 마련 확대"
"영진전문대, AI융합기계계열 학술대회서 전문대생 유일 우수논문상 수상"
윤석열정부 '금융혁신' 첫 발…'AI 라이브러리' 만든다
맞춤형 AI 인력 양성과정 77명 수료
"""AI반도체 수요 폭발""…삼성전자, 우수인력 발굴"
"서울시-KAIST, 기업 AI 인력양성 프로그램 지원"
거대 금융 정보 저장소 구축...'금융AI 고도화' 첫걸음
"현대차, 연구개발본부 경력자 대규모 채용..인터뷰는 AI 방식!"
"""100만 디지털 인재 양성""...KT, EBS와 AI·SW 교육 협력"
"[특징주]링크제니시스, 정부 AI 산업 원천기술 확보 추진..국내최초 AI 시스템..."
"건강하고 안전한 생활 공간을 위해 … KT, ㈜세존과 AI/DX기술 기반 방역 산업..."
KB증권 'AI 상담 콜봇' 서비스 시행…24시간 어디서나 상담 가능
"서울시·KAIST, 고급 인공지능(AI) 개발자 양성 '카이스트 머신러닝 엔지니어..."
"""당뇨 관리도 AI로"" KT-서울성모병원 디지털 치료 '맞손'"
"삼성전자, AI 인재 뽑고 미래 반도체 ‘초격차 기술’ 확보 가속"
"삼성전자, '2022 삼성 AI 챌린지'...인공지능 기반 '신소재 연구'와 '컴퓨터 ..."
"KT, EBS와 ‘소프트웨어·AI 미래인재’ 키운다"
"KB증권, ‘AI 상담 콜봇’ 서비스 오픈"
"""인공지능으로 반·디 연구"" 삼성전자, '2022 삼성 AI 챌린지' 개최"
"라이언로켓-티그컴퍼니, AI 접목한 K-팝 플랫폼 공동개발 추진"
포스코그룹 'AI 기술 자문위원회' 신설
"농정원, 총 상금 1억 원 규모 '스마트농업 AI 경진대회’"
"마우저, 협업을 통한 혁신...'AI 기반 차세대 운전자 모니터링 시스템' 조명"
포스코 AI기술 자문위원회…산학전문가 20여명 첫 회의
"[데일리 IT 단신] KT-NIPA, ICT 벤처 DX컨설팅·AI인재양성 지원 外"
가명정보 재사용 허용 '금융 AI 데이터 라이브러리' 구축
금융위 부위원장 “금융권 빅데이터·AI 활용 위해 규제 혁신”
"아이스크림에듀, '서리풀 샘 AI 스마트 스쿨링' 우수 학습 멘티에 장학금 수여"
"경상국립대 AI융합인재교육연구단, 지자체 네트워킹 및 협력강화 워크숍 개최"
"포스코그룹, AI기술 자문위원회 첫 회의 개최"
"KT-NIPA, 컨설팅 및 AI·DX 인재양성 업무 협약"
"한양대 ERICA, CEO를 위한 AI 교육과정 신설"
"정보통신산업진흥원-KT, ICT 벤처 육성 위한 AI·DX 인재 양성 및 컨설팅 협력"
"포스코그룹, AI기술 자문위원회 신설…""전략 수립에 도움될 것"""
"김소영 ""금융권도 AI 활성화 필요…빅데이터 확보·제도정비 나설 것"""
김주하 AI가 전하는 8월 8일 뉴스7 예고
"경북교육청, SW-AI교육 환경개선 사업 확대 실시"
"도로교통공단, AI 기반 교통사고분석시스템 사업 착수"
"흥국생명·로완, AI 활용한 치매 예방 프로그램 업무협약 체결"
"KT, EBS와 AI·SW 인재 양성 위한 교육 콘텐츠 제작"
"DL이앤씨, 국내 최초 AI·360도 카메라 기반 현장관리 솔루션 '디비전' 도입"
"[특징주]드림어스컴퍼니, 아마존 2조에 아이로봇 인수..AI 로봇청소기 '에이클..."
"삼성전자, '2022 삼성 AI 챌린지' 개최....AI 우수 인력 발굴과 반도체, 디스..."
"금융사, AI 데이터 활용 더 쉬워진다"
"KT, EBS와 AI 인재 육성…SW·AI 학습환경 제공"
"금융당국, AI데이터 라이브러리 구축 추진"
'인공지능(AI) 활용 간담회'에서 발언하는 김소영 금융위 부위원장
AI 돌봄 인형…독거 노인 든든한 벗
"금융위 ""AI로 불필요한 규제 없애고 소비자 편익 높인다"""
"KT, EBS와 AI 인재 육성 협력"
"에듀윌, 공무원 합격진단 'AI-Pass'…예측 서비스 운영"
"KB증권, AI 상담 콜봇 서비스 오픈外키움증권 [쿡경제]"
"경북교육청, 누구나 가능한 'SW-AI교육' 기반 마련"
"포스코그룹, AI기술 자문위 신설…AI사업분야·인재 발굴 나선다"
"KB증권, AI 상담 콜봇 서비스 개시"
"DL이앤씨, 국내 첫 AI·360도 카메라 기반 현장관리 솔루션 도입"
"경북교육청, SW-AI교육 채움교실 구축"
금융AI 활성화 위해 금융·비금융 대규모 컨소시엄 꾸린다
"위메프, 애플 출신 AI전문가 기술책임자로 영입"
"[산업 이모저모] KT-NIPA, AI·DX 인재 양성 맞손...ICT 벤처 육성 위한 DX 컨..."
"금융위, 가명정보 재사용하는 'AI 데이터 라이브러리' 구축"
한밤 충무대교 난간 넘어간 40대 'AI 시스템'이 구조했다
"딥브레인AI, 하나은행 앱에 AI은행원 공급"
금융권 AI기술 키운다...'데이터 라이브러리' 추진
"KB증권, AI 음성 상담 서비스 '콜봇' 오픈"
"경북교육청, SW-AI교육 환경개선 사업 확대 추진"
"KT, EBS와 함께 AI 인재 육성한다"
"‘의사만큼 똑똑한’ 뇌출혈 전문 AI 의사, 이번엔 울릉도로 향한다"
"""신사업·인재 발굴""…포스코그룹, 'AI 기술 자문위원회' 운영"
"금융위 ""가명정보 재사용 허용""…'AI 데이터 라이브러리' 만든다"
"[게시판] 에프앤가이드·리퍼블릭케이·연세대, AI 업무협약"
"윤선생, AI 영어 말하기 이벤트 '말하톤 대회' 개최"
"포스코그룹, AI기술 자문위원회 신설"
"삼진제약, 사이클리카와 AI 신약개발 공동연구 계약 체결"
"서울시, KAIST AI 대학원과 협력…'최고급 AI 개발자 양성 교육' 프로그램 지..."
"“철강도 AI 도입”…포스코, 인공지능 기술 위원회 신설"
"KT, EBS와 함께 'SW·AI 인재' 키운다"
"KT-NIPA, AI·DX 인재 양성 위해 디지털 분야 교육 혁신"
"금융위 ""금융권 공유 AI 데이터 라이브러리 구축 지원"""
AI가 시를 쓴다고?...카카오브레인이 개발한 '시인 AI' 첫 작품 나온다
"삼진제약, 신약개발 속도…AI 개발 플랫폼과 협업"
"""美, AI칩 설계·제조 핵심 소프트웨어 中수출금지 추진"""
"‘금융 데이터 도서관’ 만든다… 금융위, ‘금융 AI 혁신’ 박차"
"""치매예방""…SK케미칼, 36개 기관에 AI기반 인지개선 프로그램 보급"
금융에 스며드는 AI…활성화 정책도
"[IR52 장영실상] 삼성전자, '로봇청소기 비스포크 제트봇 AI'"
화성시 새솔동 등 AI 자원회수기기 9곳 시범 운영
"SK㈜ C&C 'AI 뇌출혈 영상의료 솔루션', 울릉도 환자 돕는다"
"삼성전자·SK하이닉스, AI 반도체로 '초격차 경영 속도'"
"리퍼블릭케이·에프앤가이드·연세대, 'AI로 금융시장 연구' 협약"
"KT, EBS와 함께 AI 인재 육성"
동강대 AI 기반 맞춤형 토익 프로그램
"`금융 AI 데이터 라이브러리` 구축된다…""가명정보 재사용 허용"""
"AI 검사 설비 전문기업 트윔, 에너지 산업 분야 50억 원 규모 수주"
SK케미칼 '치매예방 AI서비스' 노인센터에 지원
빅데이터ㆍAI 활용 고위험 수입식품 선별한다
"포스코그룹, AI기술 자문위 신설…전문가 20명으로 구성"
"포스코그룹, AI기술 자문위원회 신설…전문가 20여명 참여"
"화성시, 'AI자원회수기기 설치' 시범운영"
"KT, NIPA와 ICT 벤처 육성 및 AI·디지털전환 인재 양성 공동 추진"
"KB증권, 시간·장소 제약없는 'AI 상담 콜봇' 서비스 오픈"
"조선대, 화정중서 'AI‧SW 여름방학 아카데미' 진행"
시드투자…의료 AI 로봇 '코넥티브'·푸드헬스 '마음영양'
"SK C&C, 울릉군보건의료원에 'AI 뇌출혈 영상 의료 솔루션' 공급"
"KT, EBS와 함께 'AI 인재' 육성한다"
"리빌더AI, 가상공간 구축위해 메가플랜과 MOU 체결"
"괴산군도 AI영재고 유치전 가세…군의회, 건의문 채택"
"DL이앤씨, AI·360도 카메라 기반 현장관리기법 '디비전' 도입"
"AI 신약개발, ‘빨리빨리’ 안되는 이유 있다…“정확도⋅상업성에 초점 맞춰..."
SK C&C 'AI 뇌출혈 영상 진단'…울릉도 응급환자 돕는다
"KAIST, AI 반도체 생태계 선도...관련 세계 학회 종횡무진"
"""충무대교 배회하면 수상해""…통영시 AI로 자살시도자 구조"
"포스코그룹, AI와 더 가깝게…AI기술 자문委 신설"
AI가 설명도 한다고?
"KB증권, AI 음성상담 콜봇 서비스 제공"
충북 4개 시·군 AI영재고 유치전 후끈…의회도 가세
'AI 영재고 괴산군 유치 건의문' 채택
"3D 모델링 AI 솔루션 전문기업 리빌더AI, 메가플랜과 MOU 체결"
"금융위, 금융분야 AI 활성화 나선다…""규제 적극 해소"""
"김소영 부위원장 ""빅데이터·AI 활용 지원…금융규제 혁신"""
'농산물 가격 예측 AI 경진대회’ 개최
"파수, 비식별 솔루션에 AI 기술 탑재…“분류 정확도 강화”"
"KB증권, ""AI가 고객에 전화 걸어 상담진행한다"""
"GS네오텍, AI 기반 보안솔루션 서비스 ‘사이트디펜더’ 출시"
"SK케미칼, 치매 해결 위한 AI기반 인지개선 프로그램 보급 시작"
"롯데정보통신, 보안 AI로 지능형 위협 차단"
스타트업 손잡은 교육업계…AI 기술 도입 에듀테크 강화
"KT-강동경희대병원, AI 로봇 의료서비스 개발 협약 맺어"
"삼성전자, '2022 삼성 AI 챌린지' 개최...대학·대학원생 대상"
[주간VC동향] 인공지능(AI) 스타트업 마크비전 260억원 규모 시리즈A 투자 유...
"이글루, KISA 사이버보안 AI 데이터셋 구축 사업 수주"
"카카오 AI, '시'도 쓴다"
"AI 은행원이 대출 심사까지…""금융빅데이터·AI활용 막는 규제 혁신"""
韓国の大学・大学院生を対象に「2022サムスンAIチャレンジ」開催
‘AI 돌봄 인형’ 독거 노인 든든한 벗
'가명정보 재사용' AI 데이터 라이브러리 구축
"KB證, 시간·장소 제약 없는 ‘AI 상담 콜봇’ 서비스 시행"
"전북교육청, AI기반 학생맞춤형 수업 전체 학교로 확산"
삼성전자 '2022 삼성 AI 챌린지' 개최
"금융위 ""빅데이터·AI 활용 지원…금융규제 혁신"""
"허송연 아나, 은행원 됐다?…""AI휴먼 모델 계약후 AI뱅커로 활약"""
"김소영 부위원장 ""금융규제 혁신해 빅데이터·AI 활성화해야"""
"KB증권, 'AI 상담 콜봇' 서비스 선봬"
"화성시, AI 자원회수기기로 재활용률 높인다"
"KT, EBS와 AI 인재 육성 위해 MOU 체결  "
[#IT라운지] 통신 4사 '업무협약'·SK C&C 'AI의료솔루션' 제공
"삼진제약, 캐나다 사이클리카와 AI 신약개발 공동연구 계약"
한줄? 두줄? 애매한 임테기…AI는 안다 99.9% 확률로
"“300회 이상 실증, AI와 위성, 암호통신까지…UAM 경쟁사보다 우위”"
"KT, EBS 맞손…SW·AI 100만 인재 양성"
‘AI 반도체’ 기술패권 전쟁시대…KAIST ‘초격차기술’ 확보 나선다
"금융위, 디지털 금융혁신…빅데이터-AI 활용 활성화한다"
"딥브레인AI, 하나은행 하나원큐에 'AI뱅커' 공급"
"DL이앤씨, AI 360도 카메라 기반 ‘디비전’ 도입"
"""AI반도체 집적단지 조성 등 힘 모으자"""
"KT, EBS와 SW·AI 학습환경 제공 위한 MOU 체결"
 ‘AI 뇌출혈 영상 의료 솔루션’으로 울릉도 응급환자 돕는다
"KB증권, AI 상담 콜봇 서비스 오픈"
"인공지능으로 미래가치 높인다…포스코그룹, AI 기술 자문위원회 신설"
"GS네오텍, AI 기반의 보안솔루션 서비스 ‘사이트디펜더’ 출시"
자율주행 시스템용 AI 스타트업 '퍼셉티브 오토마타' 좌초
AI 배우고 싶다면?…EBS에서 KT 'AI 코디니'로 공부하자
"KB증권, 시간·장소 제약없이 'AI 상담' 받는다"
"포스코그룹, AI 기술 자문위원회 신설…""미래전략 수립 기대"""
"리빌더AI-메가플랜, 가상공간 구축 맞손"
"SK케미칼, AI 인지개선 '사운드마인드' 노인보호센터 보급"
"경북교육청, 누구나 가능한 SW-AI교육 기반 마련"
"에프앤가이드·리퍼블릭케이·연세대, AI 금융투자 연구 나선다"
"""포토샵 저리가!""...차세대 이미지 편집 AI 출시"
"괴산군의회 ""AI 영재고 유치 생존 문제""…건의문 채택"
"에듀윌, 인공지능 합격비서 'AI-Pass' 추진…AI 합격진단 예측 서비스 선오픈"
"포스코그룹, AI 기술 자문위원회 신설… '학계위원회' 킥오프 미팅"
"울산대, 맞춤형 AI 인력양성과정 수료식"
"KB증권, 고객 편의 증대 위한 'AI 상담 콜봇' 서비스 오픈"
"시(詩) 쓰는 카카오 AI '시아', 첫번째 시집 '시를 쓰는 이유' 출간"
'치매' ESG 나선 SK케미칼… AI 인지개선 프로그램 보급
이제 AI컴퓨터비전과 360도 카메라로 건설현장 관리한다
"[AI 주간 브리핑] 신기방기 AI모델들, 인기몰이 중     "
"SK케미칼, 36개 기관에 AI 기반 인지개선프로그램 보급"
"포스코, AI기술 자문위원회 신설… 트렌드 공유·미래사업 조언"
[단독] n번방 사건 뒤 'AI 탐지' 도입했지만…이름값 '글쎄'
"KT, S/W·AI 인재 육성 위해 EBS와 맞손"
"AI·우주 분야 등 전문가 한 곳에?···대전시, '월드포럼' 개최"
"롯데정보통신, 보안 AI로 고도화된 사이버위협 대응"
한밤중 대교 위 왔다갔다…극단적 선택 직전 AI가 구조했다
"에듀윌, 인공지능 합격비서 ‘AI 패스’ 만든다"
"DGIST 창업기업 ㈜유니바, AI학습용 데이터 구축 지원사업 선정"
"중기부, 194억 투입 AI로봇 등 154개 기업 지원"
"삼진제약, 캐나다 AI 기업과 신약개발 공동연구"
"메디웨일 ""망막 검사로 심혈관질환 예측하는 AI 의료기기 허가"""
"포스코그룹, AI기술 자문위원회 신설로 ""체계 구축"""
"금융위, AI 활용 활성화한다…'금융 AI 데이터 라이브러리' 구축"
"롯데정보통신, '시큐파이 SOC'에 보안 AI 모델 적용"
"현대차 연구개발본부, 대규모 경력R&D 인재 모집!... AI 활용 화상 인터뷰 적..."
"괴산군의회 ""괴산에 'AI 영재고' 유치해야"" 결의문 채택"
"포스코그룹, 전문가 20여명 참여한 AI 기술 자문위원회 신설"
금융분야 AI 경쟁력 키운다…관련 제도·규제 혁신
"삼성전자, AI 인재 발굴·연구 위한 경연장 '삼성 AI 챌린지' 개최"
[농정춘추] 단순농작업 혁신 위한 AI 로봇 개발과 보급 필요성
[동아광장/이성주]책임감 있는 AI
"에듀윌, 공무원 수험생 대상 AI 합격진단 서비스 오픈"
"SK(주) C&C, 울릉군보건의료원에 'AI 뇌출혈 영상 의료 솔루션' 공급"
"'금융 AI 데이터 라이브러리' 구축···""가명정보 재사용 허용"""
"KT 대구경북본부, 라마다 문경새재에 AI호텔 서비스 제공"
AI 적극 활용하는 포스코그룹... 스마트 제철소 이어 'AI 기술 자문위' 신설해...
"김소영 금융위 부위원장 ""AI 기술 고도화 필수적"""
"[Tech in Trend] 개인정보 침해 우려 줄이는 AI 알고리즘, 연합학습"
"세종충남대병원, 대화형 메신저 'AI 챗봇' 서비스 오픈"
"AI로 위조상품 꽉 잡는 마크비전, 260억원 투자 유치"
"리빌더AI-메가플랜, 가상공간 구축위해 모델링 전문 기업 '맞손'"
"딥노이드, AI 기반 흉부 엑스레이 진단 논문 국제학술지 게재"
"금융위, 금융분야 AI 활성화 나선다…""가명정보 재사용 허용"""
"에듀윌, 인공지능 합격비서 'AI-Pass'로 에듀테크 입지 강화"
AI가 쓴 시집 나온다
"SK㈜ C&C, 3시간 골든타임 잡는 ‘AI 뇌출혈 솔루션’ 울릉도에 공급"
인기 애니 '귀멸의 칼날' 속 캐릭터들을 'AI'로 현실세계에 소환하자 보인 실...
떨어지는 글쓰기 능력…AI가 작문 훈련 돕는다
"이글루코퍼레이션, KISA '보안 AI 데이터셋' 구축 사업 수주"
"삼성전자, '2022 삼성 AI 챌린지' 개최...""AI 우수 인력 발굴, 반도체, 디스플..."
"[카드] ""파이썬 활용한 자율주행"" 한양대 AI사업단, 해커톤 대회로 기술 지원"
"멋쟁이사자처럼, 데이터 분석가 양성 'AI 스쿨' 29일까지 모집"
"“충무대교 위 수상한 움직임 포착” 통영시 AI, 투신 시도자 구했다"
"금융위 ""금융권 빅데이터 AI 활성화 위해 규제 혁신"""
"AI인재가 없는 이유 ""코딩 몇 줄로 답 내는 게 아니라 기본원리 아는 인재 필..."
"KB證, AI 상담 콜봇 서비스 오픈"
"포스코그룹, AI 분야 전문가 20명으로 ‘AI 기술 자문위원회’ 신설"
"SK케미칼 ""고령층에 AI 치매예방 프로그램 보급합니다"""
금융 AI 활성화 추진…데이터 라이브러리 만든다
"10년째 2400억 비트코인 찾는 영국男…""AI·로봇 사용해 수색"""
"KT-강동경희대병원, AI 로봇 활용 병원 업무 디지털 전환 협력"
1만3000여편 읽으며 작법 익혀…시 쓰는 카카오 AI
"KB국민銀, AI기술 적용 기업여신 자동심사 시스템 구축"
"SK C&C, 골든타임 잡는 'AI 기반 뇌출혈 솔루션' 울릉도 공급"
"의료 AI 로봇기업 ‘코넥티브’, 시드 투자 유치"
AI 학습속도 4.5배↑…스마트폰 과부하 막는다
"인포텍코퍼레이션, 세액공제 AI솔루션 출시"
"aT, '농산물 가격 예측모형 개발' AI 경진대회 연다"
"카카오브레인, '시 쓰는 AI' 내놨다…시집도 출간"
한밤중 대교 위 서성여…극단적 선택 직전 AI가 구조
"KT, EBS와 함께 AI 인재육성 나선다"
"""언제든 신속 상담 가능""...KB증권, ‘AI 상담 콜봇’ 서비스 오픈"
"포스코, AI 기술 자문위 신설 … 학계·산업계 두 분야로 운영"
"SK C&C, 울릉군보건의료원에 AI 뇌출혈 판독 솔루션 공급"
"루이비통도 고객…AI로 위조상품 막는 마크비전, 260억 투자 유치"
"""AI가 유전도 뚫는다…전환기 에너지기업은 변신중"" [실리콘밸리 인사이드]"
"딥노이드, AI 솔루션 활용한 폐질환 탐지 유용성 입증"
"에듀윌, 인공지능 비서 'AI-Pass' 공개"
"포스코그룹, AI 기술 자문위원회 첫 회의"
스마트폰 위 ‘AI 연합학습 속도’ 4.5배 늘리는 기법 개발
"루닛, 임상시험서 AI 치료 효과 확인에 주가 급등"
"식약처, AI로 위험 수입식품 잡는다"
"더핑크퐁컴퍼니-AI 네트워크, '핑크퐁 아기상어' NFT 전시"
"DL이앤씨,AI·360도 카메라 기반 현장관리 솔루션 ‘디비전’ 도입"
"KB증권, 'AI 상담 콜봇' 서비스 개시"
"""미래 전략 수립""...포스코그룹, AI 기술 자문위원회 신설"
"팜캐드, '바이오플러스·인터펙스'서 AI 약물개발 성과 등 발표"
"조선대, ‘AI·SW 여름방학 아카데미’ 성료"
"괴산군의회 ""AI 영재고 유치는 지역 생존 문제""…건의문 채택"
"통영시, AI 딥러닝 기술로 ‘극단적 선택’ 막았다"
"AI가 개발하는 신약, 어디까지 왔나…""수요 맞춰 다양한 방식 분화"""
"KB증권, 'AI 상담 콜봇' 서비스 오픈…연내 적용범위 확대 [증권오늘]"
"SK C&C, 'AI 뇌출혈 영상'으로 울릉도 응급환자 돕는다!"
"[포토] KT, EBS와 SW·AI 학습환경 제공 MOU"
"정부, 가명정보 재사용 허용 ‘금융 AI 데이터 라이브러리’ 구축한다"
"삼진제약, 캐나다 사이클리카와 AI 신약개발 공동연구 계약 체결"
"방문요양 스타트업 케어링, 네이버와 손잡고 AI 돌봄 서비스 박차"
"포스코그룹, AI 기술 자문위 신설"
영진전문대 'AI융합기계계열 학술대회 논문상' 수상
"포스코그룹, AI 기술자문위원회 신설"
"트윔, 에너지 산업 분야 50억원 규모 AI 검사 프로젝트 수주"
"화성시, AI자원회수기 새솔동 9군데 설치 운영"
"KT, EBS와 '맞손'…소프트웨어(SW)·인공지능(AI) 학습환경 제공"
반도체·AI·빅데이터 등 석박사 증원 쉬워져···개정안 국무회의 통과
"SK㈜ C&C, ‘AI 뇌출혈 영상 의료 솔루션’으로 울릉도 응급환자 돕는다"
"경북교육청, SW-AI교육 환경개선 사업 확대"
"KT·EBS, 디지털 인재 양성 '맞손'···""AI 학습환경 제공"""
조선대 지역사회 중학생 AI·SW교실 임무 완수
"에프앤가이드·리퍼블릭케이·연세대, 'AI 활용한 금융 시장 연구' MOU 체결"
"조선대 김영식 교수, 서울대 및 대구경북대 연구팀과 '프라이버시 보장 AI 기..."
"포스코그룹, AI 기술 자문위 신설···각계 전문가 20명 구성"
‘예술’ 영역 넘보는 인공지능…시 쓰고 그림 그리는 초거대AI
"KB증권, ‘AI 상담 콜봇’ 서비스 오픈... “신속한 상담 가능”"
"화성시 , 재활용 AI자원회수기 설치"
"KT, EBS와 소프트웨어·AI 인재 육성한다"
"롯데정보통신, 보안 AI 모델로 지능형 위협 차단"
"멋쟁이사자처럼, 데이터 분석가 양성 과정 'AI 스쿨' 모집"
"SK하이닉스, AI·빅데이터 연산에 최적화한 CXL 메모리 첫 샘플 개발"
"김소영, ""디지털 금융규제 혁신…빅데이터·AI 활용 지원"""
"DL이앤씨, 국내 최초 AI·360도 카메라 기반 현장관리 솔루션 ‘디비전’ 도입"
"딥브레인AI, 하나은행 모바일 앱에 'AI 휴먼' 공급"
"AI 기반 무릎관절 수술 '코넥티브', 카카오벤처스 시드투자 유치"
"AI가 내 대출 심사, 어떻게 믿지?"
"SK케미칼 등 3사, AI 치매예방 프로그램 보급···""사회적 가치 창출"""
AI영재고 유치전 괴산군도 가세…군의회 건의문 채택
"SK케미칼, AI기반 인지개선 프로그램 노인보호센터 보급"
"헷갈리는 '임테기' 결과 AI가 알려준다…NHN에듀, 서비스 출시"
스마트폰 위 AI 연합학습 속도 4.5배 높여 과부하 막는다
인공지능 합격비서가 공무원 수험생에게 합격 진단해주는 에듀윌 'AI-Pass'
"SK케미칼, AI 인지개선 프로그램 보급…치매 예방 앞장"
"카카오브레인, 시쓰는 AI '시아' 시집 출간"
KAIST “반도체·AI 생태계 선도…논문 수 세계 상위권”
"KB증권, 'AI 상담 콜봇' 서비스 시행"
"이글루코퍼레이션, KISA 사이버보안 AI 데이터셋 사업 수주"
SK㈜ C&C ‘AI 영상 의료 솔루션’ 울릉도에 공급
"카카오 AI, 시인으로 데뷔한다…""시를 쓰는 이유"" 8일 출간"
"고려대 법학전문대학원, 데이터·AI 전문 과정 개설"
"포스코그룹, AI 기술 자문위원회 신설...""진화하는 AI신기술·전략 방향 조언..."
통영 충무대교 난간 넘던 40대 AI가 구해
"삼진제약, 캐나다 `사이클리카`와 AI 신약개발 공동연구 계약 체결"
"KB증권, ‘AI 상담 콜봇’ 서비스 오픈…신속한 음성 상담 제공"
AI로 공공SW사업 제안요청서 작성 불편 해결
[AI-META 시대 '미래전략'] <25>공정거래
"의료 AI 로봇 기업 코넥티브, 카카오벤처스 시드 투자 유치"
"SK㈜ C&C, AI 뇌출혈 검사 솔루션 울릉도 공급"
"조달청, AI 기반 ‘e-제안요청 도움’ 서비스 개시"
"'큰 글씨에 AI 자막'… 저축은행, 금융 취약층 맞춤 디지털 서비스"
"SK㈜ C&C, 울릉군보건의료원에 AI 뇌출혈 영상 의료 솔루션 공급"
"에듀윌, 인공지능 합격비서 ‘AI-Pass’ 서비스 오픈"
AI 물류 스타트업 '바이너리브릿지' 44억 규모 프리A 투자 유치
"금융당국, 금융권 AI 도입 박차…“금융규제 혁신 필수”"
"포스코그룹, AI 기술 자문위원회 신설…AI분야 학계 등 20명 구성"
"딥브레인AI, 하나은행 모바일 앱에 AI 뱅커 공급"
"DL이앤씨, AI‧360도 카메라 기반 현장관리 솔루션 '디비전' 도입"
"시, 그림, 작곡까지 ‘뚝딱’…“AI, 넌 못하는 게 뭐니?”"
"""시를 쓴다는 건, 세상에서 가장 짧은 말을 하는 것""..AI가 쓴 서시"
KB증권 'AI 상담 콜봇' 서비스…담보부족 등 자동 안내
"금융위, 금융분야 AI 데이터 라이브러리 구축"
"포스코, AI기술 자문위원회 신설...첫 회의 개최"
"SK케미칼·SK바이오사이언스·SK플라즈마, AI로 치매 해결 시도"
"포스코그룹, AI사업분야ㆍ인재 발굴 나선다"
"조달청, AI기반 공공SW사업 발주지원시스템 개통"
"SK케미칼, AI 기술 활용해 치매예방 돕는다"
"SK케미칼, 치매 예방 활동 펼친다…노인센터에 AI 기반 인지개선프로그램 보급"
AI가 쓴 시집 국내 첫 출간…카카오 '시를 쓰는 이유' 8일 공개
"인공지능치의학회, 치의학에서 AI 활용방안 모색"
"한국농수산식품유통공사, '농산물 가격 예측 AI 경진대회' 개최"
"하나은행, 모바일 앱 내 'AI뱅커' 도입"
"국민은행, AI 기술 적용 기업여신 자동심사 시스템 구축"
"딥브레인AI, 하나은행 모바일 앱에 'AI 뱅커' 공급"
"SK㈜ C&C, AI 뇌출혈 영상기술로 울릉도 환자 돕는다"
"삼진제약, 캐나다 사이클리카와 AI 신약개발 공동연구"
"DL이앤씨, 국내 최초 AI·360도 카메라 현장관리 솔루션 '디비전' 도입"
"카카오브레인, 초거대 AI 언어 모델 ‘KoGPT’ 활용 시집 출간"
"투디지트, AI 기반 뉴스 추천·분석 정보 제공 서비스 '뉴스샐러드' 개발"
"기보, 신입 공채…표절 여부 AI로 거른다"
"성범죄 피해 조서 쓰는 AI, 2급지 경찰서까지 확대"
"오산시, AI로 CCTV 관제…범죄 예방 효과 기대"
"KB국민은행, AI 기술 적용 기업여신 자동심사 시스템 구축"
"딥노이드, ""AI솔루션 폐질환 위치 탐지 입증… 국제학술지 게재"""
"금융당국 ""금융권, 빅데이터·AI 효과적 활용토록 규제 혁신할 것"""
"KT, EBS와 함께 AI 인재 육성...""소프트웨어·인공지능 학습환경 제공을 위한..."
"삼진제약, AI 신약개발 플랫폼사와 공동연구 계약"
"포스코그룹, AI 기술 자문위원회 신설…AI분야 산·학 전문가 20명 구성"
"""국방과학기술의 첨단화""…정부, AI·로봇·UAM 활용 국방 R&D 강화"
"SK㈜ C&C, 울릉도보건의료원에 'AI 뇌출혈 영상 의료 솔루션' 공급"
"세종충남대병원, AI 챗봇 서비스 오픈"
"화성시, AI 자원회수기기 9개소 시범운영"
"스마트폰 위 AI '연합학습' 속도 4.5배 달성...KAIST, 새로운 가속 기법 개발"
"""美, 中에 AI 반도체 설계·제조 핵심 소프트웨어 수출 금지 추진"""
"식약처, AI 활용한 '위험예측 기반 검사·관리 시스템' 구축 추진"
"""AI신약개발, 속도보다 정확도…상업화 위한 맞춤형·차별화 필요"""
AI 기반 인지개선 프로그램… 노인보호센터 통해 보급
금융권 AI 빅데이터 적극 활용 돕는다
"KT, AI 식이·인슐린 솔루션 디지털 트윈으로 당뇨 관리"
"메타AI, 최신 AI 챗봇 '블렌더봇3' 소개"
"KB증권, ‘AI 상담 콜봇’ 서비스 개시···담보부족·해외주식 배당옵션 등..."
"DL이앤씨, AI기반 360도 카메라 건설현장 도입..공기 단축 효과"
"파수, 개인정보 비식별 솔루션 'ADID'에 AI 기술 탑재"
스마트폰 활용 AI 연합학습 속도 빨라진다
"삼진제약, 캐나다 AI 업체와 신약 개발 나선다"
"금융위, 가명 금융정보 재사용 허용...금융 AI 데이터 라이브러리 구축"
"""AI로 골든타임 지킨다""…SK C&C, 울릉도에 'AI 뇌출혈 판독 솔루션' 공급"
"인권위, 국가인권정책계획에 ‘AI 인권보호 강화’ 권고 담았다"
"의료 AI 로봇기업 '코넥티브', 시드 투자 유치"
"파수, 비식별 솔루션 '애널리틱디아이디'에 AI 기술 탑재"
"""발주도 입찰도 어려운 공공SW사업, AI기술이 도와드려요"""
"포스코그룹, 'AI기술 자문위원회' 신설...인공지능 분야 학계, 산업계 전문가..."
"카카오 AI, 그림 이어 시도 쓴다"
"스마트폰 AI 연합학습 속도, 4.5배 빨라진다"
'6천억 시장' 음식물처리기…똑똑해야 팔린다 'AI 무장'
"""우린 늘 1등"" 카이스트, 반도체·AI 연구 성과 발표"
"SK케미칼, AI 인지개선프로그램 보급 통해 치매 예방 나선다"
"美, ‘주요고객’ 中에 AI칩 설계·제조 핵심 소프트웨어 수출금지 추진"
"KT, 채용연계형 AI 석사과정 신입생 모집"
"KT, EBS와 함께 AI 인재 육성 협력"
"장성군,인공지능(AI)말동무 인형 지원사업 추진"
­ AI 모델 '연합학습' 속도 빨라진다
"2400억 비트코인 찾으려 9년째 쓰레기장 맴도는 남성…""AI·로봇으로 수색"""
"SK㈜ C&C, AI 뇌출혈 영상 의료 솔루션 공급 확대"
"DL이앤씨, AI·360도 카메라 활용해 현장관리 효율 극대화"
"DL이앤씨, 국내 최초 AI·360도 카메라 기반 현장관리 솔루션 도입"
"KB증권, 'AI 상담 콜봇' 서비스 시작...24시간 상담 가능"
"충남도, AI학습용 ‘종패 생산 데이터’ 구축"
"DGIST 학부생 창업기업, AI 학습용 데이터 구축 지원사업 선정"
삼진제약-사이클리카 ‘AI 신약개발 공동연구’ 계약
"[인터뷰] 김제민 연출 ""시 쓰는 AI 작가 '시아'는 질문 품은 공동 창작자"""
"美 애플 AI개발 이진호 박사 위메프, 최고기술책임자 영입"
"SK C&C, AI로 울릉도 응급환자 돕는다"
"KB국민은행, AI활용 다각화 나선다"
"“삼성·LG, 고객 목소리 들어야…” 글로벌 AI 고객경험 분석 CEO가 던진 말..."
"“AI가 이런 것까지?”‥KB증권, ‘AI 상담 콜봇’ 서비스 선봬"
"이글루코퍼레이션, 'KISA 사이버보안 AI 데이터셋' 사업 수주"
"코트라, 중견기업 ESG 이슈 모니터링 서비스…“AI로 분석해요”"
통영 충무대교 난간 넘은 40대 `AI`가 구조
"DL이앤씨, AI·360도카메라 기반 현장관리기법 '디비전' 도입"
"금융위, AI 활용 디지털 금융혁신 돕는다..‘AI 데이터 라이브러리’ 구축"
"제이엘케이, AI 기반 뇌 노화 분석 솔루션 태국 허가 획득"
AI기반 학생맞춤형 수업 전체 학교로 확대 모색
"KT AI 호텔, 라마다 문경새재 호텔에 들어선다"
"경북교육청, 누구나 가능한 SW-AI 교육 기반 마련"
스마트뱅킹에 AI 휴먼이?
[재택플러스] '무인'점포 범죄‥'AI'기술 도입
"KB증권 "" 'AI상담 콜봇' 서비스 시행...고객 편익 증대"""
화성시 AI 자원회수기기로 재활용률 높인다
"CJ올리브네트웍스, AI 인재 양성 박차"
"""해외 우수 인재 모신다"" 현대차, AI·자율주행 박사 국내 초청 채용"
"英, 운전중 핸드폰 사용 단속하는 AI 감시 차량 운영"
"SK㈜ C&C, 울릉군보건의료원에 AI 뇌출혈 검사 솔루션 공급"
"KT 인공지능 교육서비스 '코디니', EBS 교육플랫폼 '이솦'에 탑재...AI·SW ..."
"""나랑 게임 한판 할래?""...친구 아닌 AI가 하는 말이었다"
"위험한 수입식품, AI로 판별한다"
"금융위 ""금융분야 AI기술 고도화 필수""...'금융 AI 데이터 라이브러리' 구축"
"DL이앤씨, AI·360도 카메라 기반 현장관리 솔루션 ‘디비전’ 도입"
‘쿨투라cultura 8월호’ K-콘텐츠의 AI 활용 전망을 탐색하다
"팜캐드, AI 신약개발 플랫폼 성과 공개"
"보은군의회, AI영재고 유치 촉구"
"금융 AI 데이터 라이브러리 구축…금융위 ""금융규제 혁신"""
"KT, AI 로봇으로 병원 디지털 전환 나선다"
"화성시, AI 자원회수기기로 재활용률 높인다"
"DL이앤씨, AI·360도 카메라 현장관리 솔루션 도입…오·미시공 줄여 품질 향..."
"파수, 비식별 솔루션 ‘애널리틱디아이디’에 AI 기술 탑재"
개인정보 유출 없다···스마트폰 AI기술 4.5배 ↑ 
"LG전자·美 사운드하운드, 차량용 AI 음성인식 공동 개발"
"삼성, AI·ML에 최적화된 차세대 메모리 솔루션 대거 공개"
"""AI 뱅커입니다"" 은행 모바일 앱에 디지털 휴먼 최초 등장"
누구나 고흐처럼 그릴 수 있다… AI만 있다면
"KAIST, 반도체와 AI 핵심 기술력으로 '인공지능 반도체 '생태계 선도한다"
"KISTI, 쿠웨이트 고등학생 대상 DATA·AI 캠프 운영"
'임테기 흐릿한 줄로 수차례 반복'…이젠 AI가 판독해준다
"셀바스AI, 'AI 음성인식 기반 성폭력 피해 조서 작성 시스템' 확대 적용"
"SK C&C, 울릉군보건의료원에 AI기반 영상 의료 솔루션 ‘메디컬 인사이트 플러..."
"[초점] 메타 경영진, 새로 발표한 최첨단 AI 때문에 '난감'"
"건양고, AI 및 디스플레이 응용 융합 메이커 교육 개최"
"포스코그룹, AI 기술 전문가 모아 자문위원회 신설"
"이스트소프트-YBM, 외국어 교육 특화 'AI 휴먼' 만든다"
"AI속기사, 이젠 경찰조사때 대신 받아쓴다"
강기정 광주시장 “여당이 AI반도체 단지 등 현안 힘써달라”
"KAIST, 스마트폰 위 AI 연합학습 속도 4.5배 획기적 향상 기법 ‘개발’"
"""여성 언더웨어도 이젠 AI시대""...AI맞춤형 속옷추천앱 ‘퍼펙트핏’ 눈길"
"DL이앤씨, AI·360도 카메라 기반 현장관리 솔루션 ‘디비전’ 도입…""오시공..."
"[NOW] 詩 쓰는 AI 작가, 대학로 무대 진출"
"하나은행, 모바일 앱 하나원큐에 'AI 뱅커' 도입"
[굿모닝충북] 한 끼 밥도 못 챙기면서 'AI영재고' 타령 빈축
"카카오브레인 AI모델 시아, 첫 시집 '시를 쓰는 이유' 출간"
"KB국민은행, AI 기업여신 자동심사 시스템 구축"
"광양제철소, AI 기반 하역 크레인 안전거리 자동측정 시스템 구축"
"""AI, 7살 수준 자의식"" 주장했다 해고…현실은?"
"KB국민은행, 기업여신 자동심사 AI 구축"
"KTOA, KIF 신규 자펀드 결성 추진...AI·6G 분야 투자"
“모두가 쓸 수 있는 AI 기술을 만들고 싶다”
"금융위, AI 활성화 위해 망분리 규제 개선ㆍ데이터 라이브러리 구축 나선다"
"SK㈜ C&C, 'AI 뇌출혈 영상 의료 솔루션'으로 울릉도 응급환자 돕는다"
"괴산군의회 ""AI영재고, 괴산 유치해야"""
"포항공대, AI 경영자 양성을 위한 최고경영자과정 신설"
"루닛, 임상시험서 AI 치료효과 확인에 주가 급등"
DL이앤씨 AI·360도 카메라 현장관리 솔루션 도입
AI 인재 찾아 어디든 간다… 대학교·지하철역서 채용 캠페인
"""반도체·AI 생태계 선도"""
"조달청, AI 기반 공공SW사업 발주지원시스템 'e-제안요청 도움' 구축"
"KT, 2023학년도 봄학기 채용연계형 AI 석사과정 신입생 모집"
AI 인공관절 로봇 전문 코넥티브 '시드 투자' 완료
"기보, 2022년도 신입직원 75명 채용... AI 빅데이터 기반 검사 실시"
"DL이앤씨, AI기반 컴퓨터‧360도 카메라로 건설현장 관리"
"금융 모바일 앱에도 AI 휴먼이··· 딥브레인AI, 하나은행에 ‘AI 뱅커’ 공..."
"괴산도 AI영재고 ‘유치전’ 가세…군의회, 건의문 채택"
"디지털 금융혁신 목표...금융위, '빅데이터-AI 활용 활성화 방안' 제시"
"미래에셋증권, AI활용한 디지털PB센터 출범"
카이스트 “반도체·AI 생태계 선도…논문 수 세계 상위권”
리퍼블릭케이·에프앤가이드·연세대학교 AI기술 활용 위해 MOU체결
"괴산군의회, AI 영재고 유치 건의문"
"보은군의회 ""교육·정주여건 위해 AI영재고 유치해야"""
"전주비전대 평생교육원, AI융합교육·데이터라벨러 수강생 모집"
AI활용 스마트폰으로 술 등 진위 여부 가린다
AI가 극단적 선택 40대 구해…학습 통해 행동 포착
"충남도, AI 학습용 ‘종패 생산 데이터’ 구축"
금융위 “빅데이터·AI활용 규제 혁신” 금융사 가명정보 재사용도 허용한다
"수리硏, 산업수학에 ‘AI’ 접목시킨다"
금융 AI 도서관 출범...데이터 필요할 때 꺼내쓴다
[AI-META 시대 '미래전략'] <24>평생교육 '새판짜기'
"AI 물류 스타트업 ‘바이너리브릿지’, 44억원 투자 유치"
"국민은행, 안심전환대출 AI 상담 서비스 지원…""수요 급증 대비"""
"""시 쓰는 카카오 AI""…카카오브레인 AI '시아' 시집 출간"
A4 1장을 순식간에 1줄 요약… 초거대 AI ‘엑사원’이 세상을 바꾼다
"KB국민은행, AI 적용 '기업여신 자동심사 시스템' 구축"
"DL이앤씨, 360도 카메라로 건설 현장 찍고 AI로 분석"
"충남도, AI 학습용 종패 생산 데이터 구축"
"KT, 산학협력 고도화…AI인재 연간 30명 키운다"
"경상국립대 AI융합인재교육연구단, 지자체 네트워킹 및 협력강화 워크숍"
"전남 장성군, 인공지능(AI) 말동무 인형 지원사업 추진"
"포스코그룹, AI 전문가 목소리 듣는다"
블로그 | 클라우드 기반 AI/ML이 온프레미스로 돌아오는 이유
형형색색 두둥실…미국서 열기구 축제｜AI가 Pick한 세상
"딥노이드, AI로 폐질환 위치까지 탐지한다"
"국민은행, AI기술 적용 기업대출 자동심사 시스템 구축"
"KT, 채용연계형 전일제 AI 석사과정 신입생 모집"
"AI·360도 카메라 기반 현장관리 솔루션...DL이앤씨, 이스라엘社 손잡고 전격..."
"경북교육청, SW-AI교육 환경개선 사업 시행"
AI·SW 온라인 코딩입문훈련 교육과정 운영
시 한편 쓰는 데 1초…초거대 AI가 쓴 시집 나온다
"국표원, AI 응용 가전제품 안전관리 지침 개발 착수"
"조선대, 지역사회 연계 '중학생 AI·SW 교실’ 성황리 마무리"
"TTA, AI 제품·서비스 신뢰성 확보 컨설팅 제공"
"AI 챗봇 심심이, 연구자 위해 초거대 대화 데이터 공개"
"딥노이드, AI 기반 흉부 엑스레이 진단 논문 네이처 파트너저널 게재"
"충남도, 스마트 어업 실현...AI 학습용 수산종자 생산 데이터 구축"
"aT, 농산물 가격 예측 AI 경진대회"
"[단독 인터뷰] 'AI 대부' 제프리 힌턴 ""Mr. Cho 같은 인재 유치하려면 기업도..."
"KAIST, AI 연합학습 속도 4.5배 획기적 향상…스마트폰 과부하 문제 해결 기대"
"KT·강동경희대병원, AI 로봇 활용해 병원 업무 디지털 전환 추진"
"KB국민은행, AI 기술을 적용한 기업여신 자동심사 시스템 구축"
"김소영 금융위 부위원장 ""금융분야 AI 활성화 정책 적극 지원"""
"SKT, 화신과 '인더스트리얼AI' 사업 확대 협력"
괴산군의회 'AI 영재고 괴산군 유치 건의문' 채택
"카카오브레인, 초거대 AI 보폭 넓힌다…의료영상 분야 진출"
"‘이루다 사태 방지’…TTA, ‘AI 신뢰성 확보 컨설팅’ 제공"
"SKT, AI 비서 '에이닷'…""TV와 게임도 품었다"""
"표준협회, AI·SW 온라인 코딩입문훈련 교육과정 운영"
이종호 과기부 장관 “반도체·5G 기술 우위…바이오·AI 부족”
"하나은행, 모바일앱에 'AI뱅커' 도입"
"KT-강동경희대학교병원, AI 로봇 활용 병원 업무 디지털 전환 협력"
AI 시대 겨냥 CXL 기반 차세대 메모리 확장 플랫폼 개발
"이글루코퍼레이션, KISA '사이버보안 AI 데이터셋 구축 사업' 수주"
"지질연, 제2회 지질자원데이터 활용 및 AI 경진대회 개최"
"암 찾아 치료하는 ‘방사선 미사일’ 등 핵의학 발전…""AI 접목 신약 개발 도..."
"전북교육청, AI기반 교수·학습지원을 위한 미래교육 공감토크"
"포스코, AI 기술 자문위원회 신설…신기술·미래 전략 조언"
"충남도, AI 학습용 '종패 생산 데이터' 구축"
"“금융권 기술 수준 감안, AI 금융 정책방향 ‘활성화’에 초점 맞춰야”"
AI 활용해 고위험 수입식품 스마트하게 찾는다
"화성시, AI자원회수기기 설치 시범운영"
"울릉도 뇌출혈환자 ""골든타임 지킨다""…SK㈜ C&C, 'AI 뇌출혈 판독 솔루션' 군..."
"딥브레인AI, '월클' 손흥민 AI 휴먼으로 구현"
"인티그리트, 차세대 AI 소셜로봇 '디코닉' 출시"
"미디어그룹사람과숲, ‘AI 데이터셋’ 부문 3년 연속 ‘ICT대상’ 수상"
"의료인공지능 솔루션 기업 뷰노, 데이터 기반 의료AI 사업 박차"
"""AI 코딩 교육 인프라 확대""...KT-EBS, SW·AI 인재 양성 위한 업무협약"
"""AI, 7살 수준 자의식"" 주장했다 해고…실제 어느 정도?"
"이스트소프트, 외국어 교육 특화된 AI 휴먼 만든다…YBM과 맞손"
"AI·머신러닝 응답속도 최대 20배 '업'...삼성, 차세대 메모리 솔루션 대거 공..."
"'멋쟁이사자처럼', 'AI 스쿨' 8월29일까지 모집"
"에프앤가이드·리퍼블릭케이·연세대, ‘AI 자산 관리’ 연구 개발 위해 맞손"
"KB국민은행, ‘안심전환대출’ 상담에 AI 음성상담 지원"
"인공지능(AI)이 쓴 시(詩), 사람들 마음 울릴까?"
"딥노이드, AI로 폐질환 및 위치까지 탐지하는 논문 네이처 파트너저널에 게재"
한밤중 충무대교 난간 넘어간 40대 AI가 구조
농산물 가격 예측 AI 경진대회 개최
"SK㈜C&C,울릉도에 ‘AI뇌출혈 영상 의료 솔루션’ 공급"
"의료 AI 로봇기업 '코넥티브', 카카오벤처스 시드 투자 유치"
(현장+)AI 기반 신약 개발…데이터 활용 여부가 '관건'
"HPE, AI 추론 전용 서버 출시"
"DL이앤씨, 국내 최초 AI 현장관리 솔루션 '디비전' 도입"
건양고 AI 및 디스플레이 응용 융합 메이커 교육 개최
"AI 물류 스타트업 '바이너리브릿지', 44억원 투자 유치"
"KT, 2023 봄학기 채용연계형 AI 석사 신입생 모집"
"AI ARS '상담콜', AI 보이스 적용 '고객 콜백 예약 기능' 오픈"
"""상상력을 펼쳐라""...경북교육청, SW-AI교육 기반 마련 나서"
"SKT, 산업 AI로 뿌리기업 지원"
"그림 그리는 AI ‘DALL·E’, 저작권 문제 없을까?"
'2022 농산물 가격 예측 AI 경진대회' 개최
"진천중, 생거진천 인공지능(AI) 마을학교 운영"
"한양대 ERICA, CEO AI 교육과정 신설"
"[단독] 실체없는 AI 영재고, 충북도내 기초정부간 갈등만 증폭"
"KAIST, 스마트폰 위 인공지능(AI) 연합학습 속도 '4.5배 향상'"
"경상국립대학교 AI융합인재교육연구단, 지자체 네트워킹 및 협력강화 워크숍 ..."
"[특징주] 루닛, AI 치료효과 확인에 5% 급등"
"""우리 공장에도 AI 도입하자""…LGU+, 구독형 스마트팩토리 상품 출시"
"이글루코퍼레이션, KISA 사이버보안 AI 데이터셋 구축 사업 수주"
"카페24, AI로 만든 쇼핑몰 상세페이지 500만건 넘어"
"[#증권톡톡] 한국투자증권, 해외주식형 ELS 2종 모집·KB증권, AI 상담 콜봇 ..."
"KT·강동경희대학교병원, AI 로봇 활용해 병원 업무 디지털 전환 협력"
"출시 한 달 된 AI코딩비서 ""개발자 수준 높인다"""
제이엘케이 AI 치매 분석 솔루션 태국 허가
AI technology-financial services
"SK C&C, 울릉군보건의료원에 AI 뇌출혈 영상 의료 솔루션 공급"
"순천시, AI 반려로봇 돌봄 서비스"
"""중대재해처벌법 해법 찾기""...철강사, 안전 경영 위한 AI 기술 고도화"
"하나은행, 은행권 최초 모바일 앱 하나원큐 내 ‘AI뱅커’ 도입"
"SK케미칼, 치매 예방 위해 AI 기반 인지개선프로그램 보급 나서"
하나은행 앱에선 'AI 뱅커'가 금융시장 브리핑
"'금융 AI기술 지원' 금융위, '데이터댐 구축' 나선다"
ポスコグループ、「AI技術諮問委員会」新設…新事業·人材発掘
"미국, AI칩 설계·제조 핵심 소프트웨어 중국 수출금지 추진"
"보은군의회 ""지역균형 발전 차원 보은에 AI영재고 건립해야"""
"""재활용률을 높이자""… 화성시, 새솔동에 AI 자원 회수기기 설치"
"DL이앤씨, AI·360도 카메라 현장 도입 '디지털 혁신' 박차"
"모아데이타, AI 기반 B2C 자회사 세이지앤컴퍼니 신설"
"보은군의회, AI영재고 유치 촉구 결의안 채택"
"강기정 광주시장 ""AI반도체 단지 현안 힘 보태달라"""
"SK㈜ C&C, 'AI 뇌출혈 영상 의료 솔루션'으로 울릉도 응급환자 지원"
"삼진제약, AI 신약개발 나선다"
"카카오엔터프라이즈, 세계 AI 얼굴인식 기술대회서 잇따라 1위"
청년·신중년에 AI 원스톱 취업 지원
"조달청, 공공 SW사업 발주에 AI 기술 도입…오늘부터 본격 서비스"
"AI가 나 대신 '대출심사' 해준다는데,,,과연?"
"카뱅, 에프앤가이드와 금융콘텐츠 읽고 쓰는 AI 모델 만든다"
"순천향대천안병원, AI·IoT 활용 정신질환자 응급상황 예측시스템 개발 추진"
"파수, 데이터 비식별화 솔루션 '애널리틱디아이디'에 AI 기술 탑재"
"화성시, AI 자원회수기기 9개소 설치"
"[D리포트] ""AI, 사람 같은 자아 있다"" 주장했다가 해고…현실은?"
"SKT, 화신과 AI 용접품질 관리기술 협업…""인더스트리얼AI 확대"""
"삼진제약, 캐나다 '사이클리카'와 AI 신약개발 공동연구 나선다"
"와이즈에이아이, AI 개인비서 앱 'AI-ME' 상표 등록 완료"
"'모빌리티, 로봇, AI 넘어서 우주로' 제2회 MARS 월드포럼 개최"
"룰루랩, 하노이의대와 피부질환 AI 분석 솔루션 공동연구 협약"
[단독] 조용병 회장 야심작 ‘신한 AI’ 상장 추진…지주 자회사 최초
"혁신성장 정책금융, AI 분야 공급액 5년새 45배 증가"
"KB국민은행, AI 기술 적용한 기업여신 자동심사 시스템 구축"
"충남, AI 학습용 '종패 생산 데이터' 구축한다"
[AI-META 시대 '미래전략'] <23>게임스토리텔링
빅데이터· AI 활용한 '위험 수입식품' 관리 체계 구축 추진 - 식약처-
"하나은행, 은행권 최초 모바일 앱 하나원큐 내 'AI뱅커' 도입"
"전주비전대 평생교육원, AI융합교육 자격취득 과정생 등 모집"
"SK C&C, ‘AI 뇌출혈 영상 의료 솔루션’으로 울릉도 응급환자 돕는다"
"딥브레인AI, 하나은행 모바일 앱에 ‘AI 뱅커’ 공급"
"이글루코퍼레이션, KISA 사이버 보안 AI 데이터셋 구축 사업 수주"
"인천재능대, AI ONE-STOP 프로그램 체험 교육 운영"
"DL이앤씨, AI·360도 카메라로 현장 하자 줄인다"
"투디지트, AI 뉴스 분석 주식정보 서비스 '뉴스샐러드'로 글로벌 기업 도약 꿈..."
고병원성 AI·ASF 미발생 EU지역 축산물 수입 가능…수입조건 변경
"""헷갈리는 '임테기' 결과, AI가 판독""…NHN에듀, 'AI핑봇 임신테스트' 출시"
"[fn마켓워치]카카오벤처스·슈미트, AI 인공관절 로봇 수술 '코넥티브'에 투자"
"금융위원회 ""빅데이터·AI 활용 지원…규제 혁신"""
"화성시, 새솔동에 'AI자원회수기기' 설치하고 시범운영"
"딥노이드 연구팀, 2년여간 'AI기반 흉부 X-ray진단' 논문 네이처 파트너저널(..."
"미래에셋증권-네이버클라우드, AI·클라우드로 금융서비스"
"'충북 AI 영재고' 유치, 괴산도 참여…도내 7곳 뜨거운 경쟁"
"에듀윌, AI로 합격 예측한다…""연내 AI-Pass 완성"""
"aT, '농산물 가격 예측 AI 경진대회' 개최"
"조달청, AI 기반 공공SW 사업 발주지원시스템 개통"
"광주인력개발원, AI활용 SW개발 경진대회 '성료'"
"하나은행, 환율·금융시장 전망해주는 'AI뱅커' 도입"
"딥노이드 AI 의료 솔루션, 폐질환 및 위치까지 탐지하는 임상적 유용성 입증"
"SK케미칼, AI 기반 인지개선 프로그램 보급…치매 해결 나서"
"""KAIST, 반도체·AI 분야 논문 수 세계 상위권"""
"KT-강동경희대학교병원, AI 로봇 활용-병원 업무 디지털 전환 협력"
"""사람의 뇌처럼 인지하는 AI 탐구 중""…제프리 힌턴 교수 '뇌' 향한 혁신은 평..."
"AI ARS 상담콜, 인공지능 보이스 적용 '고객 콜백 예약 기능' 선봬"
"TTA, AI 제품·서비스 신뢰성 무료 컨설팅 기업 공모"
`AI뱅커`가 시장동향 알려주는 하나은행앱
"KAIST, 스스로 학습·진화하는 흉부 엑스선 AI진단기술 개발"
"""AI가 보험 심사"" 생보사들 디지털 혁신 바람"
"삼진제약, 'AI 신약개발 공동연구' 계약 체결"
"식약처, AI 활용 고위험 수입식품 검사·관리 나선다"
"KT, 강동경희대병원과 AI로봇 활용 병원 업무 디지털 전환 MOU"
"하나은행 ""모바일 앱 하나원큐에 'AI뱅커' 도입"""
"울릉군 의료 서비스 향상...SK C&C, AI 뇌출혈 판독 솔루션 공급"
"KAIST, 국내 AI 반도체 선도...내년에 반도체시스템공학과 설립"
"카카오브레인, 초거대 AI 언어 모델 활용 '시집' 출간"
"AI 물류 스타트업 ‘바이너리브릿지’, 44억 원 규모 프리A 투자 유치"
"천안교육지원청, 2022 천안AI꿈키움터 여름방학캠프"
"""결혼도 스마트하게""…하동군, 'AI 맞썸다방' 눈길"
채용 정보서 AI 테크로...'HR 서비스 2.0' 변신 경쟁 후끈
"DL이앤씨, AI 현장관리 솔루션 '디비전' 도입"
"AI, 작곡하고 그림 그리더니...이번엔 시집 냈다[Geeks' Briefing]"
"이든앤앨리스마케팅, AI 전문기업 데이콘과 데이터 기반 마케팅 플랫폼 개발 ..."
"지자연, 지질자원데이터·AI 경진대회 개최"
"수리연, IAAE 국제인공지능&윤리협회, 산업수학 기반 AI 사업 협력"
AI와 병원정보시스템 결합…비플러스랩-이지케어텍 맞손
"대화를 통해 더 똑똑해지는 인공지능 챗봇...메타 AI, 거의 모든 주제에 말할..."
"삼진제약, 加 사이클리카와 AI 신약개발 공동연구 계약 체결"
'해리포터' 책으로만 읽은 AI가 그린 캐릭터들 실제 외모 (사진 10장)
"의료 AI 로봇 '코넥티브', 시드 투자 유치...카카오·슈미트 참여"
"DL이앤씨, 현장관리 솔루션 도입...'국내 최초' AI·360도 카메라 활용"
[주간 IT] 사용자 스마트폰 데이터 기반 'AI 서비스' 날개 단다
<오후여담>AI시대 新직업
"AI ARS '상담콜', 인공지능 적용 '고객 콜백 예약 기능' 오픈"
"광양제철소, ""AI 기반 하역 크레인 안전거리 자동측정 시스템 구축"""
"카카오브레인, 시 쓰는 AI 모델 `시아` 시집 출간"
"하나은행, 은행권 최초 앱에 AI뱅커 도입...환율·펀드 서비스"
천안시 아우내도서관 초·중생 대상 AI/SW 교육 캠프 운영
AI가 쓴 시로 만든 시극 '파포스'…8월 대학로예술극장
[사설]고도화 시급한 금융AI 컨소시엄
"DL이앤씨, AI로 공정별 하자 바로바로 잡아낸다"
"KB국민은행, '기업 성장성 분석' AI 심사시스템 구축"
진짜보다 나은 '가짜' 데이터로 AI에 연료 공급
"통영시, CCTV에 AI 딥러닝 기법 도입"
기후변화·AI 전문가 대거 참석…공동번영 위해 머리 맞댄다
"SK㈜ C&C, 'AI 뇌출혈 판독 솔루션' 울릉도에 공급…""골든타임 지킨다"""
"""AI로 자폐증 진단한다""… 정부 예산 100억 투입하는 이유"
보은군 AI 영재고 유치전 가세…지자체 간 불꽃경쟁 예고
"한국농수산식품유통공사, '농산물 가격 예측 AI 경진대회'"
건설산업 혁신 IT 기술로 진화…AI·360도 카메라 기반 솔루션 도입
"""덜어내고 덜어내 남는 말이 詩"" AI시인의 등장"
"천안교육지원청, 2022 천안AI꿈키움터 여름방학캠프 운영"
"KT 대경본부, AI 호텔 서비스 도입…라마다 문경새재 호텔과 업무협약"
[사고]‘2022 AI코리아 대상’ 공모합니다
"롯데정보통신, 보안관제 플랫폼에 AI 접목…""지능형 위협 차단"""
"“어르신, AI 스피커 이 바구니에 담아 보관하세요”"
울산대 '맞춤형 AI 인력양성과정 수료식 및 시상식' 개최
진천중 AI 마을학교 운영
"[중기소식]상담콜, AI 보이스 적용 '고객 콜백 예약' 등"
AI 학습용 '종패 생산 데이터' 구축한다
"캠프서 배우는 'AI 교육', 초‧중‧고 200명 참여"
"AI로봇 활용 병원업무 디지털전환...KT·강동경희대병원, '맞손'"
‘눈’으로 심혈관질환 예측하는 AI 의료기기 등장
"DL이앤씨, AI·360도 카메라 현장관리 솔루션 도입"
AI 활용해 고위험 수입식품 선별
지식의 전당에 걸맞은 웅장한 선율…AI음악가 작품입니다
"카카오브레인, 의료영상 분야로 초거대 AI 연구 확장"
"SKT, 용접 품질 관리도 AI로…'인더스트리얼 AI' 사업 확대"
"LG전자, 사운드하운드와 차량용 AI 음성인식 솔루션 개발"
"하나은행, 모바일 앱 하나원큐에 ‘AI 뱅커’ 도입… “금융정보 브리핑 서비..."
"KB국민은행, AI 기술 적용 '기업여신 자동심사 시스템' 구축"
"[특징주] 딥노이드, AI로 폐 질환 위치까지 감지 소식에 급등"
"세종충남대병원, 대화형 메신저 'AI 챗봇'서비스 오픈"
모바일서 금융시장·환율 전망 브리핑…하나銀 'AI뱅커' 도입
"SK케미칼 등 SK 3사, 성남·청주 36개 기관에 AI 인지개선프로그램 보급"
"롯데정보통신, 보안 AI 모델로 지능형 위협 차단한다"
"카카오브레인 AI 아티스트 칼로, '갤럭시 북 아트 프로젝트'에 활용"
"삼진제약-加 사이클리카, AI 신약개발 공동연구"
"DL이앤씨, 디지털 혁신의 힘..AI·360도 카메라 기반 현장관리 솔루션 도입"
"미래에셋증권·네이버클라우드, AI·클라우드 기반 서비스 협력"
"마이더스AI, 663억 규모 유상증자 결정"
"'사람인가, AI인가'…CNN, 韓 가상 인플루언서 열풍 조명"
"미래에셋證·네이버클라우드, AI 기반 고객서비스 확대에 맞손"
"SK케미칼 등 3사, AI 기반 인지기능개선 프로그램으로 치매 예방 나서"
전북교육청 'AI기반 맞춤형 수업 확산' 모색
"전북교육청, 'AI기반 학생맞춤형 수업' 전체 학교로 확산한다"
[인터뷰] “KT는 음성 전문가…목소리로 자폐⋅폐렴 진단 AI 만들 것”
"룰루랩, 하노이의대와 베트남 AI 의료 생태계 구축한다"
"KT-KAIST·포스텍·한양대, 채용연계형 AI 석사과정 모집"
[AI-META 시대 '미래전략']<21>지역 발전
"광양제철소, 'AI 기반' 하역크레인 안전거리 자동측정 시스템 구축..""즉각 감..."
영상 속 '깊이 정보'… AI 알고리즘으로 정확히 알아낸다
"AI 번역 엑스엘에이트(XL8), WINGS(윙스) 선정...""구어체까지 완벽 소화"""
"삼진제약, 캐나다 '사이클리카'와 AI 신약개발 협력"
"日 NYK 이데미츠, AI 연료저감 시스템으로 동남아 석탄발전시장 공략"
"조선대, AI‧SW 여름방학 아카데미 진행"
"AI 챗봇 심심이, 초거대 대화 데이터 연구자들에게 공개"
"""AI기반 시장변화 감지""...KB국민카드 '소셜미디어' 분석 플랫폼 구축"
"[ET라씨로] 루닛, 비인두암 환자 대상 AI 치료효과 확인에 주가 강세"
"SK텔레콤, AI 서비스 '에이닷'에 TV·게임 추가"
"KT, 2023년 봄학기 채용연계형 AI 석사과정 신입생 모집"
"아이브릭스, ""챗봇 서비스 바탕으로 AI 기술 대중화 이룬다"""
스스로 데이터 공부해 진단능력 끌어올리는 '흉부 엑스선 AI' 나왔다
전주교대 SW·AI 교육 역량 강화 연수 실시
[AI-META 시대 '미래전략'] <22>인공지능 미래 발전과 대응
"NHN에듀, 'AI핑봇 임신테스트'서비스 출시"
"가톨릭중앙의료원·카카오브레인, 의료영상 AI 개발 업무협약"
"하나은행, 모바일 앱 내 AI뱅커 도입…""은행권 최초"""
"베토벤, 고흐 환생도 가능..‘스탠포드 AI 인덱스’ 미-중 투톱, 한국은?[여의..."
"TTA, AI 제품‧서비스 신뢰성 확보 컨설팅 제공"
"KB국민카드 임직원들, AI 활용해 '소셜 데이터' 분석한다"
삼진제약x사이클리카 'AI 신약개발 공동연구' 계약
"삼성전자 ""AI 아티스트와 함께 갤럭시 북 꾸며봐요"""
"더핑크퐁컴퍼니-AI 네트워크, ‘핑크퐁 아기상어’ NFT 전시 개최"
"인공지능으로 지능형 위협 차단한다!...롯데정보통신, 오탐 및 미탐 제거 AI알..."
"DL이앤씨, AI·360도 카메라로 시공 품질 체크한다"
"SK케미칼, AI 기반 인지 개선 프로그램 보급으로 치매 예방에 앞장"
"'인공지능 AI 로봇이 관리하는 호텔은 어떨까?' .... KT AI 호텔, 라마다 문경..."
"하나은행, 'AI뱅커' 도입"
"성범죄 단죄에 힘 실을까...셀바스AI, 진술 기록 시스템 확대도입"
"국내 최초 은행 앱에 'AI 휴먼' 탑재!... 딥브레인AI, 하나은행 스마트뱅킹 앱..."
삼진제약. 사이클리카 손잡고 'AI 신약개발' 추진
"에이수스, 엔비디아 젯슨 플랫폼 기반 지능형 엣지 AI 시스템 발표"
"장성, 고위험 독거노인 위한 '인공지능(AI) 말동무 인형' 지원"
"미, AI칩 설계·제조 핵심 소프트웨어 중국수출 막는다"
"대전AI교육지원체험센터, '인공지능 교육 학생캠프' 운영"
금융권 'AI 혁신' 시동 걸었지만… 활성화까진 '산 넘어 산'
초거대 AI가 쓴 시집 나온다
"삼진제약, 사이클리카와 AI 신약개발 공동연구 협약"
"KTOA, KIF 신규 자펀드 결성 추진...""AI·6G·메타버스 투자"""
"""비대면으로 가입하고 AI가 심사""…생명보험업계 디지털 혁신 바람"
"인간을 흔드는 AI, 바로 보기"
AI 국제표준화 한국이 주도한다
폭포서 흙탕물이 콸콸…최악 홍수 미얀마｜AI가 Pick한 세상
"삼진제약, 캐나다 사이클리카와 AI 신약개발 공동 연구"
"식약처, AI 활용해 고위험 수입식품 걸러낸다"
"[ET뉴스픽!]日 세관, AI로 부정수출 감시"
고병원성 AI·아프리카돼지열병 미발생 EU 지역 축산물 수입 가능
"KT, EBS와 AI 인재 육성 '맞손'… 소프트웨어·인공지능 학습 제공 MOU 체결 ..."
"룰루랩, 하노이 의대와 피부데이터 기반 AI 의료 생태계 육성"
"서울대, 구글·메타·스탠퍼드 대학 등 해외 AI 연구자 초청"
"'AI 기계학습' 국제 표준화, ETRI 선봉 나선다"
"와이즈에이아이, AI 비서 앱 ‘에이미’ 상표 등록 완료"
"카카오브레인, 시 쓰는 AI 모델 '시아' 개발…시집도 출간"
"DL이앤씨, 국내 최초 'AI·360도 카메라' 기반 현장관리 솔루션 선봬"
"오씸코리아, AI 스트레스 관리시스템 탑재 안마의자 '유러브3' 선보여"
스마트폰 위 AI 연합학습 속도 4.5배 향상 기법 개발
"카카오브레인 AI 기반 모델 시아, 시집 출간한다"
"""AI가 자동심사해 보험금 즉시 지급""…생보사, 디지털 혁신 '박차'"
"KT, 'AI 방역로봇' 광고 유튜브 조회수 1200만회 돌파"
"'루미가 돕는다' 순천시, AI 반려로봇 어르신 돌봄 시작"
매년 뇌경색 환자 2% ‘심근경색’…“AI로 심장병 찾아낸다”
"KT, 2023학년도 봄학기 채용연계형 AI석사과정 신입생 모집"
“하나 모바일 AI 뱅커가 금융 브리핑 해드려요”
"인공지능이 시집 출간했다!...카카오브레인, 초거대 AI 언어 모델 'KoGPT' 활..."
"의료 AI 로봇기업 코넥티브, 시드 투자 유치"
KT 대경본부 AI 기반 솔루션 호텔 라마다 문경새재에 적용
"KB국민은행, AI 기술로 기업여신 자동심사"
"순천시, 노인 대상 AI 반려로봇 시범사업 시작"
"핑크다이어리, AI핑봇 임신테스트 서비스 출시"
"손 잡은 이지케어텍·비플러스랩…""AI 의료솔루션 신규 서비스 모색"""
[꿈꾸는 경기교육] AI는 도구에 불과하다
"삼진제약, 캐나다 ‘사이클리카’社와 AI 신약개발 공동연구 착수"
AI가 축구대회를 알아서 중계한다고? AI스포츠중계 시스템은 무엇?
인공지능 융합 강의 'AI+X'…국내 최고의 강좌를 개설하다
"KB국민은행, 'AI 기술 적용' 기업여신 자동심사 시스템 구축"
"하나은행, 모바일 앱에 'AI 뱅커' 도입"
"KB증권, 'AI 상담 콜봇' 서비스 실시"
"지질자원연, 지질자원데이터 활용·AI 경진대회 개최"
"순천시, AI 반려로봇 '말동무 해드리는 인형' 보급 사업"
"에이수스(ASUS), 엔비디아 젯슨 플랫폼 기반 지능형 엣지 AI 시스템 발표"
조선대 '중학생 AI·SW 교실' 성황
"보안기업 이글루코퍼레이션, AI 특허 획득…머신러닝 강화한다"
"카페24 ""AI로 만든 쇼핑몰 상세페이지 500만건 넘어"""
"SKT, 산업용 AI 사업 확대…“국내 제조업 경쟁력 강화”"
[팍스테크니카 인재에 달렸다] 영업맨도 AI 전문가 '환골탈태'…전공 상관없이...
"표준협회, AI·SW 실무 기술인력 양성한다"
"시(詩) 쓰는 AI '시아', 첫번째 시집 '시를 쓰는 이유' 출간"
"인천재능대, AI ONE-STOP 프로그램 체험 교육 운영"
"CJ올리브네트웍스, AI·SW 재능기부 대학생 모집"
"[더뉴스] 시 쓰고, 연예계까지 접수...'AI' 얼마나 진화했나?"
"KISTI, 쿠웨이트 고고생 대상 DATA·AI 캠프 운영"
"룰루랩-하노이의대, 피부데이터 기반 AI 의료생태계 키운다"
"산업AI 원프레딕트, '세계 50대 첨단 제조 스타트업'에 이름 올렸다"
"[특징주] 루닛, 비인두암 환자 병용요법서 AI 치료효과 확인에 강세"
NHN에듀 “한줄? 두줄? 헷갈리는 ‘임테기’ 결과 AI로 판단하세요”
AI영재고 유치에 괴산도 가세
초중등 교사 AI·SW 교육 역량 키운다
尹 AI·디지털 의료 평가기간 단축...의료 빅데이터 법제화 주문
"경기도, 고병원성 AI 92% 줄어…""야생조수 차단 시범사업 덕"""
"'내가 보고 싶은 선수만'…와이에스티, '추계 중등축구대회' AI 중계 적용"
생체 신호 분야 주목하는 의료 AI 기업들…그 배경은?
"카카오뱅크 ""금융 콘텐츠 읽고 쓰는 AI 모델 개발"""
"[기업] SKT, 자동차 부품업체와 '용접 AI' 기술 계약 체결"
교육시장에 AI 기술 도입 사례 확산
AI 학습용 '종패 생산 데이터' 구축
"SKT AI 서비스 ‘에이닷’, TV·게임 신규 서비스 업데이트"
"세종대 김수연 교수, AI 학습용 데이터 구축 지원사업 선정"
통영시 ‘AI 자살예방시스템’으로 40대 구조
"도시공유플랫폼, 창업박람회서 AI 무인 편의점 '아이스Go' 전시"
"하나은행, 모바일 앱 하나원큐 내 ‘AI 뱅커’ 도입"
"하나은행, 모바일 앱 하나원큐 내 'AI뱅커' 도입"
"SKT, 용접 품질 관리도 AI로"
"이글루, '능동형 보안관제' AI 데이터셋 구축 사업 수주"
김주하 AI 앵커와 함께하는 이 시각 주요뉴스 - 8월 5일 낮 12시
"KAIST, 민간과 손잡고 SAR 위성 정보 활용 AI연구 나서"
"[카드] 셀바스 AI, 성폭력 피해 조서 작성 시스템 확대 적용"
"하나은행, 하나원큐 ‘AI뱅커’ 선봬"
"하나은행, 딥러닝 기반 'AI뱅커' 하나원큐에 도입 [은행오늘]"
"인재 양성에 열 올리는 북한…""VR부터 AI 교수법까지 개발"""
"KT, 강동경희대학교 병원과 AI로봇 활용…병원 업무 디지털 전환 협력"
"포스코그룹, AI 기술 자문위원회 신설…""미래 전략 수립에 큰 역할 기대"""
"LGU+, 근로복지공단 민원업무 AI로 개선"
"DL이앤씨, 국내 첫 AI·360º 카메라 현장관리 도입... ""디지털 기술 선도"""
"NHN에듀 ‘핑크다이어리’, 헷갈리는 임신 여부 ‘AI’로 판독"
"하나은행, 모바일 앱 하나원큐에 'AI뱅커' 도입"
"""미국, AI칩 소프트웨어 중국 수출금지 추진""…링크제니시스 주가 급등"
"통장 만들어주는 AI은행원…금융당국 ""규제 풀겠다"""
"""새로운 세상을 여는 모두의 인공지능(AI)교육 학생캠프"" 운영"
"구글 딥마인드 AI, 거의 모든 단백질 구조를 예측한다"
"SKT, '인더스트리얼 AI' 사업 확대"
[주간VC동향] 인공지능(AI) 의료 스타트업 '에어스메디컬' 253억원 규모 시리...
"KT, 2023년 봄학기 채용연계형 AI 석사과정 모집"
"카페24, AI 제작 쇼핑몰 상세페이지 제작 500만건 돌파"
168m 상공에 대롱대롱…번지점프 사고｜AI가 Pick한 세상
"전북교육청 미래교육 토크서 서거석 교육감, AI수업 시연"
[제45기 SG배 한국일보 명인전] AI와의 시너지 효과
"카카오브레인, 의료영상 분야로 초거대 AI 모델 연구 확장 나서"
"돌고래와 인간의 의사소통, AI로 시도한다"
"하나은행, 모바일 앱 하나원큐에 ‘AI뱅커’ 도입"
'CXL 초격차' 속도내는 삼성·SK…AI 등 포트폴리오 확대(종합)
"삼진제약-사이클리카, AI 신약개발 공동연구 계약 체결"
오픈소스 AI 쓸 수 없는 軍…독자 개발 모색 위한 세미나 개최
보은군 AI영재고 유치전 가세…추진위원회 구성
"딥노이드 'AI 기반 폐질환 탐지' 논문, 네이처 파트너 저널 게재"
"현대차, AI. AAM. 자율주행. 로보틱스 분야 우수인재 모신다. 북미. 유럽대학..."
"KT-강동경희대학교병원, AI 로봇 활용해 병원 업무 디지털 전환 협력"
"AI 신약개발업계 정체기 돌입...""시장 확장보다 성과 주력할때"""
"서울인공지능고, 중3학생 대상 AI·빅데이터 캠프 개최…29일까지 신청"
"DL이앤씨, 국내 최초 건설현장에서 AI 활용... 현장관리 솔루션 '디비전' 도입"
"장성군, 독거노인 '인공지능(AI) 말동무 인형' 지원"
"카카오브레인, 초거대 AI 언어 모델 활용 시집 출간"
"하나은행, 은행권 최초 'AI뱅커' 도입"
"카카오뱅크, 에프앤가이드와 금융 AI 고도화 '맞손'"
"KB국민은행, 안심전환대출 상담에 AI 도입"
"SK텔레콤, '인터스트리얼 AI' 사업 확대 나선다"
"SKT, ‘인더스트리얼 AI’ 사업 확대 나선다"
"KT, 2023학년도 채용연계형 AI석사과정 신입생 모집"
"대전AI교육지원체험센터, 초‧중‧고 '인공지능(AI)교육 학생캠프' 운영"
"""AI 아티스트 '칼로' 통해 나만의 삼성 '갤럭시북' 꾸며봐요"""
기업여신도 AI가 머신러닝 기반 심사
"가톨릭대-마인드허브, '뇌신경 환자 언어재활 AI 연구' 협약"
"카카오브레인, 의료영상 분야 초거대 AI 모델 연구 나서"
"인트플로우, 축산동물 AI 학습 데이터 구축사업 수주"
"AI 학습플랫폼 '웅진스마트올', 여름방학 무료 특강 개강"
"軍도 수학에 러브콜 ""독자 AI(인공지능) 알고리즘 만들겠다"""
전남교육청 교육용 AI로봇 10대 보급
"DL이앤씨, AI·360도 카메라로 시공하자 줄인다"
"SK텔레콤, '인더스트리얼 AI' 사업 확대…""생산공정 완전 자동화 목표"""
"삼진제약, 캐나다 기업과 AI 신약개발 공동연구 추진"
"오씸코리아, AI 스트레스 관리시스템 탑재한 안마의자 '유러브3' 출시"
김주하 AI 앵커와 함께하는 이 시각 주요뉴스 - 8월 4일 낮 12시
"AI ARS 상담콜, '고객 콜백 예약 기능' 선봬...인공지능 보이스 적용"
"SKT, 자동차 부품 전문기업 화신과 AI 용접 품질 관리 솔루션 상용화"
"KB국민은행, ‘AI 기업여신 자동심사 시스템’ 구축"
초거대 AI로… 시장 선점 속도내는 네·카
"""AI·메타버스 新금융서비스로 고객 선점"""
"ETRI, AI 국제표준화 주도…이강찬 실장 선임"
"리퍼블릭케이·에프앤가이드·연세대, 'AI 시장진단 연구' MOU 체결"
"SKT, '인더스트리얼 AI' 사업 확대…자동차 제조기업과 협력"
aT ‘농산물 가격 예측 AI 경진대회’ 개최
"한국AI속기사협회, AI데이터전문속기 프리랜서 오프라인 교육 실시"
조규곤 파수 대표 “개인정보 솔루션에 AI 기술 탑재”
"AI 옷 입은 바이오산업, 신약개발·의료 영상 가속화한다"
"구글, ""AI 사람처럼 지각한다"" 주장 엔지니어 해고"
"더핑크퐁컴퍼니-AI 네트워크, '핑크퐁 아기상어' NFT 전시 개최"
"LG전자, 차량용 AI 음성인식 솔루션 개발 나서…전장 사업 적용"
"의료 AI 로봇기업 ‘코넥티브’, 카카오벤처스 등에서 시드 투자 유치"
“AI가 품질불량 잡아낸다”...SKT 생산공정 완전자동화 확대
"KT·강동경희대병원, AI로봇 활용해 병원 업무 디지털 전환 선두주자 ..."
"파수, 비식별화 솔루션 ‘ADID’에 AI 기술 탑재"
생보협회 “보험사는 디지털 혁신 중”…AI통한 보험금 당일지급
"전북, AI기반 학생맞춤형 수업 전체 학교로 확산한다"
"카페24, AI 콘텐츠 제작 '에디봇' 500만개 상품페이지 만들어"
"위메프, 애플 본사서 AI·ML 개발한 이진호 박사 CTO로 영입"
엔비디아 능가한다는 국내 AI반도체 스타트업들...현실은? [긱스]
"하나은행, 모바일 앱에 은행권 최초 'AI뱅커' 도입"
"AI‧DX 전문기업 파워젠, DX 통합 플랫폼 'Gen Portal' 실적 이어나가"
"도성훈 인천교육감 ""인천에 기업 맞춤형 반도체·AI 학교 신설"""
"LGU+, 근로복지공단 민원접수업무 AI로 개선"
"경북교육청, 누구나 가능한 SW-AI교육 기반 마련…학교 현장 70.2억 지원"
"카카오뱅크, 에프앤가이드와 맞손…""금융콘텐츠 읽어주는 AI 모델 연구"""
"셀바스AI, 경찰서 및 해바라기센터에 'AI 조서 작성 솔루션' 확대 구축"
"하나은행, 은행권 최초 모바일 앱 하나원큐 내 AI뱅커 도입"
"삼진제약, 캐나다 사이클리카社와 AI 신약개발 공동연구 계약 체결"
보은군의회 'AI 영재고 보은군 유치촉구 결의안' 의결
[AI활용사례] 우리 비즈니스에 굳이 AI가 필요할까
[1일 충남도 소식] AI 학습용 ‘종패 생산 데이터’ 구축 등
"SKT, AI 음성인식 비서 에이닷에 TV·게임 서비스 추가"
"KAIST, 스마트폰 위 인공지능(AI) 연합학습 속도 4.5배 획기적 향상 기법 개발"
"제주소방 AI기반 챗봇민원서비스 운영...""24시간 답해요"""
"[의료AI ②] 너무 뛰어난 의료환경, 오히려 AI 시장 성장 저해"
"SKT, '인더스트리얼 AI' 사업 확대 나선다"
김주하 AI가 전하는 8월 5일 뉴스7 예고
"KB국민은행, AI 기반 '기업여신 자동심사 시스템' 구축"
"진도군, AI와 IoT로 노인건강 관리한다...7월말까지 모집"
"KT, 2023학년도 채용연계형 AI 석사과정 모집"
"KAIST, 스마트폰 위 AI 학습 최대 4.5배 가속 기술 개발"
"파수, 비식별 솔루션 '애널리틱 디아이디'에 AI기술 탑재"
"KT, 감정 표현하는 다국어 AI 음성합성 서비스 출시"
"카페24 ""AI로 만든 쇼핑몰 상품페이지 500만건 돌파"""
"글로벌 프로그래밍 교육 브랜드 멋쟁이사자처럼, 데이터 분석가 양성 과정 'A..."
"카카오브레인 ""초거대 AI모델, 의료영상 분야로 연구 확장"""
"AI 네트워크-더핑크퐁컴퍼니, '언커먼 갤러리'서 핑크퐁 아기상어 NFT 첫 전시"
"전북대, 국립국어원과 'AI 활용 국어능력 진단체계' 개발 손잡아"
같은 EU국가라도 고병원성 AI·ASF 발생 없다면 축산물 수입 가능
"카카오브레인, 초거대 AI 언어 모델 ‘KoGPT’ 활용한 시집 출간"
소아희귀질환 진단·치료·예후 관리 AI가 돕는다
"카페24, 에디봇 상품 페이지 제작 500만건 돌파…“AI로 간편하게”"
"하나은행, 금융정보 브리핑 서비스…'AI뱅커' 도입"
"전남 순천시, AI 반려로봇 돌봄 시작... 루미가 어르신 돕는다"
생명 구한 통영 `대교 AI`… 확대해볼 만
"루닛, 비인두암 환자 병용요법서 AI 치료효과 확인"
밤을 낮으로 바꾸는 포토 AI
"비플러스랩-이지케어텍, AI 의료솔루션 업무협약"
손가락 강조된 ETㆍ자동차 탄 아바타…AI가 만든 영화 포스터
"SK C&C, ‘AI 뇌출혈 영상 진단’으로 울릉도 응급환자 돕는다"
"천재교과서 밀크티, 중학교 전국 성적 확인 'AI 진단평가' 신규 오픈"
이미지 생성 AI 급부상...'달리(DALL-E)'를 아시나요?
"재활용률↑...화성시, AI 자원회수기기 운영"
AI로 프리랜서 개발자 포트폴리오 분석 기업과 매칭
"KT, 내년도 봄학기 채용연계형 AI 석사과정 모집"
AI 덕분에…환자 낙상 땐 의료진 '10초 출동'
"미래에셋증권-네이버클라우드, AI·클라우드 기반 서비스 협력 맞손"
"하나은행, 은행권 최초 모바일 앱 하나원큐 내『AI뱅커』도입"
"카카오브레인, 초거대 AI 언어 모델 'KoGPT' 활용 시집 출간"
AI영재고 유치 충북 집안싸움 우려
"카카오벤처스, 의료 AI 로봇기업 '코넥티브'에 시드 투자"
"금융위, 가명정보 재사용 허용...'AI 데이터 라이브러리' 추진"
"진도군, AI와 IoT로 노인건강 관리한다…7월 말까지 모집"
의료기관 AI로봇 서비스 모델 공동개발 업무협약식
"aT공사, '2022 농산물 가격 예측 AI 경진대회' 개최"
"하나은행, 은행권 최초 모바일 앱 ‘AI뱅커’ 도입"
"카카오엔터프, 세계 AI 얼굴 인식 기술 대회 연속 1위"
"와이즈에이아이, AI 개인비서 앱 'AI-ME'상표등록완료"
"SK케미칼, AI 기반 인지개선프로그램 '사운드 마인드' 보급"
인간처럼 생각할 줄 아는 AI는 언제 나올까
"가톨릭중앙의료원, 카카오브레인과 초거대 AI 의료영상 서비스 개발 추진"
AI 아티스트와 협업해 '나만의 갤럭시 북'을 꾸며보자!
'논문 수 세계 최상위권' 반도체·AI서 위용 펼치는 KAIST
"삼진제약, 캐나다 사이클리카와 'AI 신약개발 공동연구' 계약"
"카카오뱅크, 금융 콘텐츠 읽고 쓰는 AI 개발"
"마이더스AI, 유상증자 결정…재무구조 개선"
"루닛, 비인두암 환자 AI 바이오마커 적용 결과 국제 학술지 게재"
높이 4m 무게 4톤…세계 최대 외골격 로봇｜AI가 Pick한 세상
"제이엘케이, AI 치매 분석 솔루션 ‘에이트로스캔’ 태국 허가 획득"
"밸류링크유, AI기반 물류 서비스 '바이너리브릿지'와 이커머스 물류 혁신 및 ..."
"[특징주]딥노이드, 세계최초 AI 알고리즘 폐질환 탐지 유용성 입증..네이처 게..."
"순천시 'AI 반려로봇' 돌봄 시작...""루미가 어르신 도와요"""
"울진 추계중등축구대회, AI 중계한다… 어떤 효과 있을까?"
[CEO 칼럼] 경기 변동 불확실성 대응 방안으로서의 AI 역할
보은군의회 'AI 영재고 유치촉구 결의안' 의결
"DL이앤씨, 국내 최초 AI·360도 카메라…현장관리 솔루션 ‘디비전’ 도입"
"SKT, '인더스트리얼 AI' 사업확대 본격화"
"삼성, AI 아티스트와 '갤럭시 북 아트 프로젝트'"
"과기부·서울대병원·카카오헬스, 소아희귀병 진단 AI 개발착수"
"보은군, AI영재고 추진위 ‘발족’…유치전 가세"
"""여당이 AI반도체 단지 등 현안 힘써달라"""
"LG전자, AI 음성인식 솔루션 공동개발 착수"
"삼진제약, 캐나다 '사이클리카'와 AI 신약개발 공동연구 계약 체결"
"AI로, 전자음으로… 비발디도 놀랄 ‘사계’의 재탄생"
"보은군의회, AI 영재고 보은군 유치촉구 결의안 의결"
"산학협동재단, ‘22 산학재단 AI 온라인 인턴십 프로그램 2기’ 결과발표회 개..."
"보은군, AI영재고 유치추진위원회 발족"
"AI 물류 스타트업 바이너리브릿지, 44억원 규모 프리A 투자 유치"
"中 EDA 수출 규제 나서는 美, AI 애플리케이션 개발 '겨냥'"
"SK㈜ C&C, 자체개발한 'AI 뇌출혈 영상 의료 솔루션' 울릉도 공급"
의료AI 코어라인소프트-강동경희대병원 MOU 체결
카카오브레인 'AI 시인' 첫 번째 시집 출간한다
"하동군, AI 미혼남녀 연계 플랫폼 오픈"
"신한AI, 신한금융 자회사 최초 IPO 도전?"
"AI·빅데이터 처리, 차세대 메모리 확장 플랫폼이 책임진다"
"보은군, AI영재고 유치추진위원회 결성"
"KB국민은행, AI기술 적용 기업여신 자동심사 시스템 구축"
AI와 로봇 등 첨단기술 국방에 접목
"KT, '채용연계형 AI 석사과정' 모집…내년 봄학기 3개대학서 교육"
"안랩, 하반기 공채 15일까지 서류 접수…AI 개발자 등 모집"
"AI기술로 용접 품질 관리… SKT, 화신과 솔루션 계약"
"한국, AI표준 세계 위상 높아졌다···첫 조정자 탄생"
"KB국민, AI 기술을 적용한 기업여신 자동심사 시스템 구축"
"삼진제약- 사이클리카社, 'AI 신약개발 공동연구' 계약"
[SR전자] 삼성전자 '삼성 AI 챌린지' 개최…디스플레이 연구 난제 해결
"(삼성이 키운 스타트업①)룰루랩, 뷰티·헬스케어로 AI 영역 확장"
"딥노이드, 폐 질환‧위치까지 탐지하는 AI 연구…네이처 파트너저널 게재"
"칙칙한 거리 풍경, 바꾸고 싶나요?...AI에게 물어보세요"
"하나銀, 모바일 'AI뱅커' 도입..다양한 금융정보 브리핑 "
"통영시, 투신자살 사전 예방과 신속한 구조 위해 CCTV에 AI 딥러닝 기법 도입"
"셀바스 AI, 'AI 음성인식 기반 성폭력 피해 조서 작성 시스템' 경찰서·해바라..."
"메디웨일, 망막 기반 심혈관질환 예측 AI 의료기기 품목 허가"
"KAIST 김재철AI대학원, CAIO 과정 3기 모집"
"강남지인병원, AI 흉부 진단 AVIEW LCS 도입..우수내시경실 인증 획득"
"AI 반려로봇 '루미', 순천지역 노인·장애인 말동무 된다"
"YBM, 이스트소프트와 외국어 교육 특화 ‘AI 휴먼’ 만든다"
"강동경희대병원, KT와 의료기관 AI로봇서비스모델 공동개발"
"은행권 최초... 하나은행, 모바일 앱 하나원큐 내 'AI뱅커' 도입"
"케이팝팩토리, ""AI 기반 보컬 평가로 전 세계 케이팝 팬덤 모을 것"""
광주디자인진흥원-AI융합사업단 협약
"괴산군의회, AI영재고 유치 건의문 채택"
"KAIST, 위성영상 판독에 ‘AI’ 활용한다"
"대전AI교육지원체험센터, 초‧중‧고 대상 수준별 맞춤형 교육 운영"
"가톨릭대-마인드허브, 뇌신경 환자 언어재활 위한 AI 연구한다"
"파수, 비식별 솔루션 ADID에 개인정보 탐지하는 AI 기술 탑재"
"카카오브레인, 삼성 '갤럭시 북 아트' 프로젝트에 AI 아티스트 적용"
"이지케어텍, 비플러스랩과 협약…""AI 의료 신규 서비스 모색"""
"어크로스페이스, 2022 로봇융합페스티벌에서 'AI 로봇 경진대회' 개최"
"SK텔레콤, AI로 용접불량 판별 '웰딩 AI 솔루션' 화신에 공급"
농산물 가격 예측부터 유통까지…국내 농업 선진화 위한 AI 활용 노력 가속화
"이글루코퍼레이션, AI 특허 취득"
"AI 헬스케어 링커버스, '손·손톱 바이오마커 개발' 제주 지원 받는다"
"SK케미칼, AI로 치매예방 나서 ""사회적가치 창출"""
"인터뷰마스터IM, AI면접으로 기업 인재상에 맞는 지원자 선별"
"강기정 광주시장, AI중심산업융합 집적단지 조성 등 핵심사업 지원 요청"
"KT, 디지코 광고 'AI 방역로봇' 세 번째 천만 뷰 달성"
"진도군, AI와 IoT로 노인건강 관리한다"
카페24 “AI로 만든 쇼핑몰 상세페이지 500만건 넘어”
"[마켓프로] 마이더스AI, 시가총액 맞먹는 유상증자…후유증 없을까?"
"삼성전자 ""나만의 AI 아트로 갤럭시북 꾸며보세요"""
"국민은행, 안심전환대출 상담에 AI 음성 서비스 지원"
빨라지는 '조기퇴사'에 시름…AI·빅데이터가 '인사관리'
"파수, 비식별 솔루션에 개인정보 탐지 AI 탑재"
'칸트는 AI를 어떻게 생각할까'…중앙대 AI인문학 국제학술대회 진행
"“미국, AI반도체 제조 SW까지 중국 수출 금지 준비”"
충북교육감직인수위 백서 발간…AI영재고 등 추진과제 정리
"KAIST, 'CXL 2.0' 메모리 확장 플랫폼 세계 최초 개발...AI 시대 이끈다"
"DL이앤씨, AI·360도 카메라 현장관리 솔루션 도입…'국내 최초'"
"㈜이든앤앨리스마케팅, AI 전문기업 데이콘과 데이터 기반 마케팅 플랫폼 개발..."
"룰루랩·하노이의대, 베트남 AI 의료 생태계 구축 협약"
"제이엘케이, 뇌졸중에 이어 AI 치매 솔루션 '에이트로스캔' 태국 FDA 획득"
"타조 베개, AI 탑재, 나사 기술까지... 베개의 눈부신 진화"
"한국농수산식품유통공사, ‘농산물 가격예측 AI 경진대회’ 개최"
"[특징주] 루닛, AI 임상시험 치료효과 확인에 강세"
"ETRI, AI 국제표준화 주도...ITU '기계학습 표준화 공동조정그룹' 의장 배출"
"KT-네오랩컨버전스, 스마트펜 활용 에듀테크 AI 공동연구"
"KT, 내년도 채용연계형 AI 석사과정 신입생 모집"
"SKT, ‘인더스트리얼 AI’ 사업 확대 나서"
"하나은행, 하나원큐 'AI뱅커' 도입…환율 전망 브리핑도"
생보사 디지털 혁신 박차...AI통한 보험금 당일지급
"LG전자, 美 사운드하운드와 차량용 AI 음성인식 기술 공동개발"
"TVM, 스포피드와 라리가 메타버스 AI 업무 협약 맺어"
'AI 아티스트' 칼로와 함께…삼성 '갤럭시 북 아트 프로젝트' 진행
"하나은행, 모바일 앱 하나원큐 내 'AI뱅커' 도입"
"순천시, AI 반려로봇 돌봄 시작... 루미가 어르신 돕는다"
"LG전자, 美 사운드하운드사와 차량용 AI 음성인식 솔루션 공동개발"
"이스트소프트-YBM, 손잡고 외국어 교육에 특화된 AI 휴먼 제작"
"와이즈에이아이, AI 개인비서 앱 'AI-ME' 상표 등록"
"""AI가 보험계약""…생보사, 디지털로 혁신나서"
[인사] THE AI(더에이아이)
"하나은행, 모바일 앱 하나원큐 'AI뱅커' 도입"
"오씸코리아, 최첨단 AI안마의자 ‘유러브3’ 국내 론칭"
"LG전자, 美 사운드하운드와 차량용 AI 음성인식 솔루션 개발"
"순천시, 인공지능(AI) 반려 로봇 돌봄서비스 시작"
"미래에셋증권-네이버, AI·클라우드 기반 '대고객 서비스' 협력"
"충북대학교 SW중심대학사업단, 도내 3개교 초등생 대상 'AI SW, 피지컬 컴퓨팅..."
"하나은행 ""이제 모바일 앱에도 AI뱅커가 쏙"""
"AI 물류 스타트업 '바이너리브릿지', 포스코기술투자에서 투자 유치"
"SKT, 산업 AI 적용 확대…자동차 용접 품질 관리한다"
"[특징주] 링크제니시스, 美 중국에 AI 반도체 핵심 소프트웨어 수출 금지 추진..."
"[제이엘케이 대해부]①“제이엘케이, AI 진단 업계 최초 코스닥 입성”"
"AI 기술로 임신여부 진단…﻿NHN에듀, 'AI핑봇 임신테스트' 기능 선봬"
"투디지트, AI 뉴스 콘텐츠 추천·주식 정보제공 서비스 개발"
“빅데이터·AI 활용 미래교육 강화…교부금 축소 철회해야”
"LG전자, 美 사운드하운드와 차량용 AI 음성인식 솔루션 공동개발"
"DL이앤씨, AI·360도 카메라 솔루션 '디비전' 현장 도입…""오·미시공 줄인다..."
"카카오엔터프라이즈, 글로벌 AI 얼굴 인식 대회서 연속 1위 달성"
"[AI뉴스룸] LG생건, 뷰티업계 최초 발행 'NFT 완판'"
"카카오브레인, 의료영상 분야로 초거대 AI 모델 연구 확장"
"순천시, AI 반려로봇 돌봄 시작 ···""루미가 어르신 돕는다"""
"지스트, 영상 속 '깊이 정보' AI 알고리즘으로 더 정확히 알아낸다"
"AI 챗봇 심심이 거대 대화 데이터, 연구자 위해 공개 본격화"
"취업 때 AI 면접, MBTI 중요해진다?…채용 담당자들의 답은 달랐다"
"이글루, AI 특허 취득…똑똑한 머신러닝 예측 모델 만든다"
김주하 AI가 전하는 8월 4일 뉴스7 예고
조용병 회장 야심작 ‘신한AI’ 상장 추진...지주 자회사 최초
"가톨릭의료원, 카카오브레인과 초거대 AI 의료영상서비스 개발 나선다"
"""민원도 AI가 처리""…LGU+, 근로복지공단 업무 개선한다"
"KT AI 호텔, 라마다 문경새재에 들어선다"
지자체 AI(인공지능) 영재고 유치 '불꽃경쟁'
"카페24 ""AI로 만든 쇼핑몰 상세페이지 500만건 돌파"""
"LG전자, 美 사운드하운드와 '차량용 AI 음성인식' 공동 개발"
"[재난안전통신망 합동훈련]재난망, 5G·AI 적용해 진화 지속"
"AI 응용제품 안전관리 지침 개발 추진…국표원, 전문가 세미나 개최"
"전주대, AI 학습용 데이터 구축 사업 착수보고회 개최"
"非통신 키우는 SK텔레콤, '인더스트리얼 AI' 사업 확대"
"가톨릭대, 언어장애 재활 위한 AI학습모델 공동연구"
"구글, ""AI에 지각력 있다"" 주장한 엔지니어 결국 해고"
"카이스트, 스마트폰 위 인공지능(AI) 연합학습 속도 4.5배 획기적 향상 기법 ..."
"중국, AI 대화 시스템을 6단계로 분류…레벨 5에서 인간 수준 대화"
"LG전자, 미국 사운드하운드사와 차량용 AI 음성인식 솔루션 공동개발 MOU 체결"
SKT '산업 AI '사업 확대…AI 용접 품질 관리 솔루션 '웰딩 AI' 상용화
"국민은행, AI 기술 적용한 기업여신 자동심사 시스템 구축"
"SKT, AI비서 '에이닷'에 TV·게임 서비스 추가"
"AI 챗봇 심심이 초거대 대화 데이터, 연구자 위해 공개"
"야놀자 멤버사 '데이블', AI 기반 '디지털사이니지' 시동"
"""해커 막는 AI, '보안 학습 데이터' 없으면 못 만들죠"""
‘이제 소개팅도 스마트 하게~’…하동군 AI 플랫폼 개발
"와이즈에이아이, AI 개인비서 앱 '에이미' 상표등록"
"KAIST, AI 연합학습 속도 4.5배↑...“스마트폰 과부하 문제 해결”"
"KAIST, 흉부 엑스선 AI 진단기술 개발"
"하나은행, 하나원큐에 ‘AI뱅커’ 도입"
"남원시, 치매환자 100가구에 AI영상추적시스템 지원"
[급등주] 루닛 22% 강세 '비인두암 환자 병용요법서 AI 치료효과 확인'
"파수, 개인정보 비식별 솔루션 '애널리틱디아이디'에 AI 기술 탑재"
"SKT, 누구 비즈콜로 AI콜 B2B시장 진출"
"노원구, 반찬나눔·AI전화·요리교실로 중장년 고독사 막는다"
"AI 인지검색 스타트업 올거나이즈, 일본 상장 추진"
"KAIST, AI연합학습 속도 향상기법 개발"
"AI·빅데이터 맞춰 자유롭게 메모리 확장…KAIST, 차세대 메모리 플랫폼 기술..."
"네이버클라우드, 미래에셋증권과 클라우드·AI 기반 고객 서비스 내놓는다"
"LG가 만든 AI 아티스트 틸다, 뉴욕 페스티벌서 금·은상 수상"
"[특징주] 루닛, AI 바이오마커 탄력받나…주가 12%대 강세"
"(영상)LG전자, 美 사운드하운드와 차량용 AI 음성인식 공동 개발"
"방문요양 스타트업 케어링, 네이버와 '클로바 케어콜' AI 돌봄 시범 서비스 ..."
"""AI로 화상·욕창 관리""···데이터 100만건 모아 'SW의료기기 개발'"
"청도 중앙초, 인공지능(AI)교육 여름방학 캠프"
"뉴워커, 슈퍼브AI와 인공지능 학습 데이터 구축 맞손"
"""투자유치 기회""…광주시 'AI 파트너십데이' 참여 기업 모집"
"'광주 미래먹거리 추진' AI·모빌리티산업, 국정과제 최종 확정"
"[게시판] 한수원, 한강 수위예측 AI 경진대회 개최"
망막검사로 심혈관질환 발생 예측하는 AI의료기기 허가
민관 협력해 소아희귀병 진단 AI개발 착수
"SW연구소 AI융합교육센터 취·창업자, 인공지능 관련 대학원 진학자 배출"
손흥민 선수가 ‘AI 휴먼’으로…딥브레인AI
"인티그리트·롯데월드·SKT 협력, 롯데월드 어드벤처서 AI소셜 로봇 ‘디코닉..."
"카카오, 카카오톡 AI 대화형 '챗봇' 서비스 과금 없이 무료로 전환한다!"
"[의료AI ①] 디지털화 완료된 의료업계, AI 개발 '기회의 땅'"
거리두기 해제 첫 휴가 '여행간다'…계획·예약 AI가 뚝딱
"[영상] 일상으로 들어온 AI 가상인간, 공존 위한 방법은?"
"LG전자, 美 사운드하운드와 차량용 AI 음성인식 기술 개발"
"KT, 2023학년 봄학기 채용연계형 AI 석사과정 신입생 모집"
"영상 속 3차원 '깊이 정보', AI 알고리즘으로 더 정확하게 추정"
"미국, AI 칩 설계 소프트웨어의 중국 수출 차단 임박"
"충북대 SW중심대학사업단, 초등생 대상 ‘AI SW, 피지컬 컴퓨팅 체험교육’ 진..."
"하나은행, 은행권 최초 '하나원큐' 앱안에 'AI뱅커' 도입"
"카카오뱅크, 에프앤가이드와 금융 콘텐츠 읽고 쓰는 AI 모델 개발"
"[슬립테크2022] 아워랩 신현우 대표 ""수면AI 시대 핵심은 수면데이터 표준화"""
"마이더스AI, 663억 유상증자 소식에 급락"
"진도군, AI기반 노인 건강관리 운영"
"SKT-한국컴퓨터정보학회, AI·메타버스 대학과정 공동개발 협약"
삼성 광고에 나온 파란 외계인은 ‘G-누스마스’… 모바일·가전 AI 비서 가능...
[마이더스AI 663억원 유증] 흑자기업 변신 가능할까
"[특징주] 루닛, AI 치료효과 확인에 7%대 급등"
"하나은행, 하나원큐 내 다양한 브리핑 서비스 제공하는 'AI뱅커' 도입"
"카카오뱅크-에프앤가이드 ""금융 콘텐츠 읽고 쓰는 AI 모델 공동 개발"""
"LG전자·美사운드하운드, 차량용 AI음성인식 개발"
"SKT ""AI활용 제조업 경쟁력 높인다"""
"KT, 강동경희대학교병원과 AI 로봇 활용해 병원 업무 디지털 전환"
AI·자동차·에너지 등 첨단기업 투자유치 잇따라
"SKT, 대학생 AI·메타버스 개발자 양성한다"
소아희귀질환 희망 만든다…80억 들여 AI 개발
"진도군, AI·IoT 노인건강 관리"
"광양제철소, AI 기반 하역 크레인 안전거리 자동측정시스템 구축"
유아인 이어 이번엔 손흥민…'AI 쏘니'가 인터뷰까지 한다
"하나은행, 모바일 앱 하나원큐 내 'AI뱅커' 도입...은행권 최초"
"하나은행, 모바일 앱 하나원큐에 업계 첫 'AI뱅커'도입"
"DL이앤씨, 현장관리 솔루션 '디비전' 도입...""AI로 신속한 하자 조치"" "
"순천시, 노인 어르신 대상 AI 반려로봇 돌봄 서비스 개시"
"뉴워커-슈퍼브AI, 인공지능 학습 데이터 구축 MOU 체결"
"AI 기술 스타트업 투아트, 설리번플러스 X NUGU 정식버전 출시"
"""용접 불량 판별도 AI로""…SKT,생산공정으로 AI 적용 확대"
"국표원, ‘AI 응용 가전제품’ 안전관리 지침 개발 착수"
"SK케미칼·SK바사·SK플라즈마, 36개 기관에 AI 기반 치매 예방 프로그램 보급"
"조달청, AI 기반 공공소프트웨어 사업 발주지원시스템 개통"
"""AI에 지각력 있다"" 주장한 구글 엔지니어 결국 해고"
"식약처, AI 활용해 고위험 수입식품 스마트하게 찾는다"
"""AI로 생산 자동화""…SKT, 車 부품 제조사와 협력"
"[Pangyo Tech] 택트레이서, 美 가트너 IT분야 벤더브리핑 'AI 재고형상인식 기..."
"AI로 위조상품 잡는 마크비전, 260억 투자 유치"
"[특징주] 마이더스AI, 주주배정 유증 결정에 13% 급락"
"인천시, 홀로사는 중장년 5000가구 인공지능(AI)으로 돌본다"
"미래에셋증권, AI활용한 '디지털PB센터' 출범"
"""누가 진짜 손흥민이지?""…'AI쏘니' 이렇게 태어났다"
흉부 엑스레이 판독 능력 스스로 향상시키는 AI 기술 나왔다
"이글루코퍼레이션, 똑똑한 머신러닝 예측 모델 만든다 AI 특허 취득"
"GPT-3로 AI 철학자 만들어 보니...""인간 철학자와 구분 힘들어"""
"LG전자, 차량 음성인식 강화한다…美 AI 기업과 협약"
"마이더스AI, 유증 결정 “철강 경쟁력 강화 및 재무구조 개선”"
“AI에 지각력 있다” 주장...구글 엔지니어 결국 해고
"KB국민은행, AI기술 적용 '기업여신 자동심사 시스템' 구축"
"""AI 알파폴드, 지구상 모든 단백질 구조 예측"""
"삼진제약, 캐나다 '사이클리카'와 AI 신약개발 공동연구"
"""안녕하세요. 하나은행 AI 은행원입니다"""
[제이엘케이 대해부]③“진단은 기본…신약 발굴 AI로 혁신 창출할 것”
AI 'poet' SIA ready for debut with first collection of poems
"""시 쓰는 AI 나왔다""…카카오브레인, AI모델 '시아' 시집 출간"
"“읽은 시만 1만편”…카카오브레인, AI 모델 '시아'가 쓴 시집 출간"
"인공지능 물류 스타트업 '바이너리브릿지', Pre-A 시리즈 44억원 투자 유치....."
"[특징주] 에프앤가이드 주가, 리퍼블릭케이·연세대, AI 업무협약에 '오름세'"
"카카오뱅크 에프앤가이드, ‘금융콘텐츠 맞춤형’ AI 모델 개발 협력"
"LG전자, '차량용 AI 음성인식' 개발 나선다"
가전·자동차·헬스케어 등…'AI 반도체' 실증환경 구축
"'전장' 공략 LG전자, 美 사운드하운드 손잡고 차량용 AI 음성인식 솔루션 개발"
"MIT, 사람 뇌 시냅스보다 작동속도 100만배 빠른 AI 칩 개발"
"대전시, 도시철도 시설물 이상 징후 AI로 감시"
[마이더스AI 663억원 유증] 금융비융 줄이고 철강사업 확대
"오씸코리아, 최첨단 AI안마의자 ‘유러브3’ 국내 선보여"
"지스트, AI 분야 예비창업자 지원으로 길잡이 역할 '톡톡'"
"""축산업 AI 기술 시장 선두 주자로""…인트플로우, 축산 AI 학습용 데이터 구축..."
미 알츠하이머 조기검진 AI 플랫폼 출시
"SKT, 성장형 AI ‘에이닷’ 업데이트…“광고 없이 게임하고 TV 시청”"
"""감정까지 AI가 더빙한다"" KT 'AI 보이스 스튜디오' 출시"
"광양제철소, AI기반 하역 크레인 안전거리 자동측정 시스템 구축"
"미래에셋-네이버클라우드, AI‧클라우드 서비스 업무협약"
"네이버 ""스타트업, 클로바스튜디오 활용 AI 서비스 출시"""
"와이즈에이아이, AI 개인비서 앱 상표 등록 완료…B2C 공략 본격화"
"루닛 효과 무색…의료AI 섣불렀나, 줄줄이 울상"
"보은군, AI영재고 유치추진위원회 발족...균형발전 논리 강조"
AI 활성화 간담회 참석한 금융업계
AI 기반 아동학대 영상 분석 등 치안서비스 고도화 추진
"LG전자, 美 사운드하운드와 '車 AI 음성인식' 공동 개발"
구글 챗봇 AI '람다'는 정말 사람처럼 사고할까
사람처럼 스스로 진화한다···흉부 엑스선 AI 기술 개발
"data.ai ""작년 식음료 앱에 55억 시간 소비… 1년전 보다 65% 성장"""
"하나은행, 모바일 앱 하나원큐서 'AI 뱅커' 도입"
"“농산물 수급 안정 및 농업 선진화 위해”...aT, ‘농산물 가격 예측 AI 경진..."
"전남 진도군, AI와 IoT로 노인건강 관리한다…7월말까지 모집"
"LG전자, 美 사운드하운드와 차량 AI 음성인식 기술 개발"
"KT-네오랩컨버전스, 에듀테크 AI 공동연구한다"
괴산군도 AI영재고 유치전 가세 …군의회 건의문 채택
"뉴워커, 슈퍼브AI와 인공지능 학습 데이터 구축 업무협약 체결"
"경상국립대 AI융합인재교육연구단, 지자체 워크숍 개최"
"롯데정보통신, '보안 AI 모델'로 지능형 위협 차단.."" 고객 중심의 보안 서비..."
엣지 AI를 위한 아날로그 프로세서 등장
AI가 쓴 시가 연극으로…'파포스' 내달 대학로 무대에
"'침묵의 살인자' C형 간염,  AI로 찾아내 박멸한다"
"AI챗봇 심심이, AI·빅데이터 커뮤니티에 대화 데이터 공개"
2022년 AI활용 'S/W개발 경진대회'성황리 개최
"이인섭 대표 ""매월 10만건씩…AI가 '짝퉁 명품' 찾아냅니다"""
"차량 AI 음성인식도 개발? LG전자 전장, 미래 모빌리티 기술 개발 확대"
"SKT, 인더스트리얼 AI 사업 확대…""용접 공정도 AI로 자동화"""
"가톨릭대·마인드허브, 뇌신경 환자 언어재활 AI모델 공동 연구"
“AI 영재고 잡아라”…충북 시·군 너도나도 유치전 가세
"SKT, AI 비서 ‘에이닷’에 TV·게임 서비스 추가"
[AI-META 시대 '미래전략']<18>협업
"고려대학교(세종), AI 융합 및 AI+스마트시티 교육 과정 실시"
"하나은행, 모바일 앱 하나원큐 내 'AI뱅커' 도입…은행권 '최초'"
"오씸코리아, AI 바이오센서 기술 활용한 '유러브3' 출시"
"카카오브레인 AI 아티스트 `칼로`, 삼성 갤럭시 북 아트 프로젝트 참여"
"‘디지코’ 강조한 KT, AI 방역로봇 광고 1200만뷰 돌파"
"SKT AI 에이닷, TV·게임 기능 추가"
[K바이오리더] 길영준 휴이노 대표 “웨어러블 AI 심전도 측정기 ‘메모패치’...
"고려대 법학전문대학원, 데이터·AI법 전문과정 개설"
"인천시, 1인가구 중장년 AI가 돌본다"
AI 기업 손잡은 LG전자 전장사업 속도
"셀타스퀘어, AI 활용한 지능형 약물감시 선보인다"
[신문로] 거의 모든 단백질 구조를 예측하게 된 AI
"SKT, ‘인터스트리얼 AI’ 확대…㈜화신과 용접품질관리"
"똑똑한 머신러닝 예측 모델 만든다…이글루코퍼레이션, AI 특허 취득"
"순천시, AI 반려로봇 '루미' 어르신 돌봄 시작"
"AI로 위조상품 막는 마크비전, 美·유럽 진출한다"
"KAIST 김재철AI대학원, 'CAIO(Chief AI Officer) 과정' 3기 모집…9월 개강"
음식물처리기에도 AI 신기술 도입…웰릭스 팅크웨어 에콥 등 줄줄이 출시
"하나은행, 모바일 앱 하나원큐 내 ‘AI뱅커’ 서비스 도입"
"스위트케이, AI로 환자 보호 기술 3년 연속 특허 대상 받아"
"LGU+, 근로복지공단에 AI 기반 민원통합업무 인프라 구축"
"SKT-학계, AI∙메타버스 교육과정 개발…대학 10여곳에 수업 편성"
"LG AI 아티스트 '틸다', 뉴욕 페스티벌 '금·은상' 동시 수상 영예"
"차 부품사 손잡은 SKT, 산업용 AI 사업 키운다"
[마이더스AI 663억원 유증] 5번째 사명 '세토피아' 사업구상은?
"KT·네오랩컨버전스, 스마트펜 활용 에듀테크 AI 공동연구"
SKケミカルなど3社、AI認知症予防プログラムの普及…社会的価値の創出
"[산업 이모저모] SKT, 화신과 '웰딩 AI 솔루션' 계약 체결...'인더스트리얼 A..."
방역로봇·스마트침대 등 AI가전품 안전관리 지침 개발된다
"KT, 2023학년도 채용연계형 AI 석사과정 모집...카이스트·포항공대·한양대"
"SKT-화신, AI 용접 품질관리 솔루션 계약 체결"
"가톨릭중앙의료원×카카오브레인, AI 의료영상 연구 위한 MOU 체결"
이제 결혼도 스마트하게… ‘AI 맞썸多방’ 이용하세요
"KT, 카이스트‧포스텍‧한양대 ‘채용연계형 AI 석사’ 모집"
"SK㈜ C&C, 울릉군보건의료원에 AI 기반 뇌출혈 영상 의료 솔루션 공급"
김주하 AI가 전하는 8월 3일 뉴스7 예고
"결혼도 스마트하게…하동군, 인공지능(AI)로 미혼남녀 '맺어주기' 플랫폼 개발"
"'AI로 여행 공유하고 경비 지원까지'…정부, '여행로그' 데이터셋 구축"
[김주하 AI 앵커와 쉬운 우리말로] '도어스테핑'를 우리말로 하면?
"이글루코퍼레이션, 머신러닝 예측 모델 AI 특허 취득 "
"SKT, '인더스트리얼 AI' 사업 확대…자동차 용접 품질관리"
"LG전자, 美 사운드하운드와 차량용 AI 음성인식 개발"
"카카오브레인·가톨릭대, 의료영상 분야 초거대 AI 모델 연구 협력"
"AI 챗봇 심심이, 초거대 대화 데이터 연구자 위해 공개 본격화"
"로보틱스 기업 인티그리트에서 차세대 ‘AI소셜 로봇’, ‘디코닉’ 출시"
"조달청, AI기반 공공SW사업 발주지원시스템 개통…발주기간 단축 효과 기대"
"화성시, 재활용률 높이는 AI 자원회수기기 시범 운영"
"SKT, AI 비서 '에이닷'에 TV·게임 기능 추가"
"인천시, 혼자 사는 중장년 가구 대상 AI 돌봄서비스"
"부산 온종합병원, AI로 입원환자 심정지 위험 실시간 감지"
[핫스탁]LG이노텍·마이더스AI·레드캡투어
"순천시, 노인 100명에 ‘AI 말동무 반려로봇’"
"“인더스트리얼 AI 확대” SKT, 용접품질관리 협업 화신과 솔루션 상용화 계약"
"인천재능대, AI 취업지원 프로그램 체험 교육 실시"
국내 첫 ‘3D 치과영상 통합분석 AI플랫폼’ 개발 추진
"딥브레인AI-AIA생명, 손흥민 선수 AI 휴먼으로 구현"
"ETRI, AI 국제표준화 주도…개발자에서 조정자로 위상 높아져"
[핫스탁]LG이노텍·마이더스AI·레드캡투어(종합)
"SKT, 화신과 AI 용접품질관리 협력…""인더스트리얼AI 확대"""
"하나은행, 하나원큐에 'AI뱅커' 도입 환율·금융시장 전망 등 브리핑 제공"
"LG전자, AI 조리 레시피 200개 확대"
"(영상)SKT, 화신과 '인더스트리얼AI' 사업 확대 협력"
"라온메디, AI 수면무호흡증 진단 사업 주관기업 선정"
"이스트소프트-YBM, 외국어 교육 특화 AI 휴먼 제작 '맞손'"
"엣지 AI 기술 기업 '노타', 국토부 스마트시티 사업자로 선정"
광화문 일대 AR·AI·3D '실감콘텐츠'로 스마트 문화공간 변신
"KT, 내년 봄학기 채용연계형 AI 석사과정 신입생 모집"
"KISTI, 2022 과학기술·공공 AI데이터 분석활용 경진대회 개최"
"한수원, '한강 수위예측 AI 경진대회' 개최…총 상금 1100만원"
"하나은행, 은행권 최초 모바일 앱에 ‘AI뱅커’도입…다양한 금융정보 브리핑"
"SKT, 車 부품 제조사와 협력…""인더스트리얼 AI 사업 확대"""
"미래에셋증권-네이버클라우드, AI·클라우드 서비스 업무협약"
"삼성전자, 개성 담은 AI 작품 '갤럭시 북 아트 프로젝트'"
"비플러스랩, 이지케어텍과 'AI의료솔루션' 신규서비스 모색 맞손"
AI 영재학교 설립에 1천128억 원
"하나은행, 은행권 최초 모바일 앱 하나원큐 내 'AI뱅커'도입"
"LG유플, 민원업무 AI 자동접수 시스템 도입"
국내만 10만명…소아희귀질환 치료하는 AI기술 개발한다
전장 힘 싣는 LG전자…사운드하운드와 손잡고 車 AI 음성인식 솔루션 개발
"구글, 자사 AI '지각능력 있다' 주장한 개발자 '해고'"
"농수산식품유통공사, '농산물 가격 예측 AI 경진대회' 개최"
이제 결혼도 스마트하게 'AI 맞썸多방' 이용하세요
"[김지현의 IT세상]거대한 AI 생태계, 어디까지 아십니까"
"우주·벤처기업 손잡는 KAIST, AI로 위성영상 판독력 높인다"
"이상민, 얼마나 외로웠으면 AI 스피커에 프러포즈를.. (돌싱포맨)"
"광주시, ‘AI 파트너십 데이’ 개최"
"LG전자, 美사운드하운드사와 차량용 AI 음성솔루션 공동개발"
"""AI에 인간 수준 지각능력 있다"" 주장한 구글 엔지니어, 안보 규정 위반으로 ..."
"진도군, AI와 IoT로 노인건강 관리한다…7월말까지 모집"
"비플러스랩-이지케어텍, AI 의료솔루션 연동 기반 헬스케어 플랫폼 사업 확대"
"삼진제약, 캐나다 '사이클리카'社와 AI 신약개발 공동연구 계약 체결"
"SKT-컴퓨터정보학회, AI·메타버스 대학 교육과정 개발"
AI로 중고폰 검수·분류 '척척'…신뢰도 '쑥쑥'
"KT, AI 음성합성 서비스 출시…""인간의 5가지 감정 담아"""
사이버보안 AI 데이터셋 8억건 구축…보안기업 고도화 효과 입증
"LG전자, 美 업체 손잡고 차량용 AI 음성인식 개발"
"충북대 SW중심대학사업단, 도내 3개교 초등생 대상 'AI SW, 피지컬 컴퓨팅 체..."
"가톨릭중앙의료원, 카카오브레인과 AI 의료영상 서비스 개발"
"DL이앤씨, AI·360도 카메라기반 현장관리 솔루션 '디비전' 도입"
"中 스타트업 ‘포니.ai’, 완전 자율주행 대형 로보트럭 만든다"
"광산새일센터, 재직여성 AI로봇체험 지원"
부산 신발산업에 빅데이터·AI 입힌다
"오씸코리아, 최첨단 AI안마의자 ‘유러브3’ 국내 출시"
"NHN에듀, AI핑봇 임신테스트 서비스 출시"
대고객 서비스에 '네이버 AI·클라우드' 적용하는 미래에셋증권
"LG전자, 美 사운드하운드와 車 음성인식 시스템 개발…삼성・현대차・네이버가..."
반도체·AI 등 첨단기술 분야 대학 고급인력 증원요건 완화됐다
코딩 없어도 AI '뚝딱'…네이버 '노코드 플랫폼'에 스타트업 몰렸다
"광주광역시, AI스타트업 투자유치 위한 'AI파트너십 데이' 개최"
"LG AI 아티스트 '틸다', 뉴욕 페스티벌서 금·은상 수상"
"에이수스, 엔비디아 젯슨 플랫폼 기반 지능형 엣지 AI 시스템 공개"
"한수원, 한강 수위예측 AI경진대회…우승 상금 500만원"
"순천시, AI 반려로봇 루미가 어르신 돕는다"
"아크릴-한국MS-365MC네트웍스, 비만치료 특화 AI병원 구축 협력"
"KB국민은행, 'AI 기업 여신 자동 심사 시스템' 구축"
"""AI에 지각력 있다"" 폭로…구글 엔지니어 결국 해고"
"'국방혁신4.0' 기본계획 연말 완성… ""AI 기반 첨단과학기술군"""
"포티투마루, 건설공제조합·SK와 AI기반 'OCR-NLP' 솔루션 공동 사업"
"순천시, AI 반려로봇 돌봄으로 촘촘한 맞춤돌봄 기능강화"
"IAAE-수리연, 산업수학 기반 AI 연구 업무 협약 체결"
"KAIST 김재철AI대학원, CAIO(Chief AI Officer) 과정 3기 모집...9월 13일 개..."
"[속보]윤 대통령 ""한미 훈련 철저히…국방혁신4.0·국방AI도 만전"""
"모바일 앱 하나원큐, ""'AI뱅커'가 경제브리핑 해드려요"""
"하나은행, 모바일 앱에 'AI뱅커' 도입...은행권 최초"
"'오리지널리티'로 승부…""AI 신약 업계의 제넨텍 꿈꾼다"""
"KAI-KAIST, AI로 우주기술 고도화 시장 개척"
"루닛·아이도트, 日·동남아 AI 의료 누빈다 [IPO 프리보드]"
"미래에셋증권, 네이버와 AI 기반 서비스 증진 협력"
"구광모 LG회장, AI·바이오·클린테크로 미래 씨앗 심는다"
"카카오엔터프라이즈 ""한국어 감정 인식 AI 기술 국제학회 발표"""
"진도군, AI와 IoT로 노인건강 관리 사업 대상 모집"
Posco Group sets up advisory committee for AI tech
"반도체 자립 나선 화웨이, 이번에 AI 신약 개발"
"의료AI·마이크로바이옴 등 의료 신산업, 주가 곤두박질"
"KISA ""보안 AI 데이터셋 8억건 구축…30곳 단계적 개방 추진"""
"KAIST, 모바일 기기의 AI 연합학습 속도 4.5배 향상 기법 개발"
"KT, 채용연계형 AI석사과정 신입생 모집…등록금·입학금 전액 지원"
"취준생, AI 면접·MBTI 준비에 공들여야 할까?... 채용담당자들 ""갸우뚱"""
"KB국민은행, AI '기업여신 자동심사 시스템' 도입"
구글 “AI도 사람처럼 지각능력 있다” 주장한 개발자 해고
"루닛, 비인두암 환자 대상 AI 바이오마커 적용 결과 발표"
"SKT, AI 서비스 '에이닷'에 신규 서비스 추가…게임·영상 시청 등 가능"
"'광주 AI·모빌리티' 육성, 尹정부 국정과제 최종 확정"
"카카오엔터프라이즈의 AI 얼굴 인식 기술, 글로벌 입지 '척척'"
"‘고! 살집’ 임혜정, 구로동 아파트 미래가치 AI분석 결과 공유"
AI 관련 금융업계 만난 김소영 금융위 부위원장
"카카오브레인, AI 아티스트 '칼로' 활용 영역 본격 넓혀 나가"
"[Pangyo Tech] 미스터마인드, 전남 순천 어르신에 AI 돌봄로봇 '루미' 보급 사..."
"삼진제약, 캐나다 '사이클리카'社와 AI 신약개발 공동연구"
"미래에셋증권, 네이버클라우드 손잡고 ‘AI·자원 공유 기반 대고객 서비스’"
"하나은행 앱에서 AI가 환율, 금융시장 정보 브리핑…'AI뱅커' 도입"
인공지능 AI가 그려낸 지구 멸망 전 인간들의 마지막 모습은 이렇다
"카카오브레인, 의료영상 분야 ‘초거대 AI’ 모델 연구 나선다"
"딥노이드, 주가 상승... AI 기반 흉부 엑스레이 진단 논문 '네이처' 게재"
"카카오엔터프라이즈 AI 얼굴인식, 또 세계 1위"
"AI가 기자보다 기사를 잘 쓴다? | 인공지능은 보조일 뿐, 失業 걱정은 기우…..."
"루닛, 비인두암 환자에 AI 바이오마커 적용…""치료 효과 확인"""
"진도군, AI와 IoT로 노인건강 관리…7월말까지 모집"
"경기도민체전, AI 카메라로 생중계…YST 주관방송사 선정"
"천안교육지원청, 'AI꿈키움터 여름방학캠프' 운영"
"삼성전자, 미니언즈 비스포크 제트 봇 AI 패키지 출시"
"더핑크퐁컴퍼니·AI 네트워크, '핑크퐁 아기상어' NFT 전시 개최"
감정까지 표현하는 AI음성 서비스
"세종대 영어영문학전공 김수연 교수, 2년 연속 AI 학습용 데이터 구축 지원사..."
"KAIST, '스스로 진화하는' 흉부 X선 AI 진단기술 개발"
"""냉수 550밀리리터 줘"" LG전자, AI 음성인식 탑재한 '퓨리케어 오브제컬렉션 ..."
"[기업] KT-KAIST·포스텍·한양대, 채용연계 AI 과정 모집"
잇단 기업 내부 횡령사건에 뜬 이 회사…AI로 부정거래 '꼼짝마'
'초개인화' 시대…AI가 옷 골라주고 화장품 제조도 척척
"[특징주] 마이더스AI, 663억원 규모 유상증자 소식에 급락"
