,유종,이름,가격,출시년도
0,가솔린,2023 BMW 7시리즈,"17,000만원",출시 2022년 11월
1,가솔린,2023 레이,정보없음,출시 2022년 9월
2,가솔린,2022 폭스바겐 티구안 올스페이스,"5,098만원",출시 2022년 8월
3,가솔린,2022 포드 익스플로러 하이브리드,"6,920만원",출시 2022년 8월
4,가솔린,2022 페라리 296 GTS,정보없음,출시 2022년 8월
5,가솔린,2023 투싼 하이브리드,"2,857~3,748만원",출시 2022년 7월
6,가솔린,2023 투싼,"2,584~3,801만원",출시 2022년 7월
7,가솔린,2023 쏘렌토 하이브리드,"3,602~4,634만원",출시 2022년 7월
8,가솔린,2023 쏘렌토,"3,002~4,394만원",출시 2022년 7월
9,가솔린,2023 쏘나타 하이브리드,"2,946~3,706만원",출시 2022년 7월
10,가솔린,2023 쏘나타,"2,592~3,633만원",출시 2022년 7월
11,가솔린,2023 스포티지 하이브리드,"3,163~3,972만원",출시 2022년 7월
12,가솔린,2023 스포티지,"2,474~3,818만원",출시 2022년 7월
13,가솔린,2023 셀토스,"2,062~2,865만원",출시 2022년 7월
14,가솔린,2023 K5 하이브리드,"2,834~3,551만원",출시 2022년 7월
15,가솔린,2023 K5,"2,400~3,284만원",출시 2022년 7월
16,가솔린,2023 BMW 8시리즈 그란쿠페,"13,910~14,810만원",출시 2022년 7월
17,가솔린,2023 BMW 8시리즈,"14,290~15,510만원",출시 2022년 7월
18,가솔린,2022 토레스,"2,740~3,220만원",출시 2022년 7월
19,가솔린,2022 지프 레니게이드,"4,190~4,840만원",출시 2022년 7월
20,가솔린,2022 애스턴마틴 DBX707,"31,700만원",출시 2022년 7월
21,가솔린,2022 아우디 S4,"8,116만원",출시 2022년 7월
22,가솔린,2022 아우디 RS5 스포트백,"12,222만원",출시 2022년 7월
23,가솔린,2022 아우디 A3 세단,"4,020~4,413만원",출시 2022년 7월
24,가솔린,2022 람보르기니 우라칸,"34,000만원",출시 2022년 7월
25,가솔린,2022 G70 슈팅브레이크,"4,310~4,560만원",출시 2022년 7월
26,가솔린,2023 미니 해치백 S 5도어,"4,570~4,670만원",출시 2022년 6월
27,가솔린,2023 미니 해치백 S,"4,480~4,580만원",출시 2022년 6월
28,가솔린,2023 미니 해치백 JCW,"5,300~5,480만원",출시 2022년 6월
29,가솔린,2023 미니 해치백 5도어,"3,520~3,540만원",출시 2022년 6월
30,가솔린,2023 미니 해치백,"3,440~4,030만원",출시 2022년 6월
31,가솔린,2023 미니 클럽맨 S,"4,960~5,060만원",출시 2022년 6월
32,가솔린,2023 미니 클럽맨 JCW,"6,130~6,210만원",출시 2022년 6월
33,가솔린,2023 미니 클럽맨,"4,200~4,220만원",출시 2022년 6월
34,가솔린,2023 미니 컨트리맨 S,"5,320~5,500만원",출시 2022년 6월
35,가솔린,2023 미니 컨트리맨 JCW,"6,250~6,430만원",출시 2022년 6월
36,가솔린,2023 미니 컨트리맨,"4,170~4,790만원",출시 2022년 6월
37,가솔린,2023 미니 컨버터블 S,"4,980~5,080만원",출시 2022년 6월
38,가솔린,2023 미니 컨버터블 JCW,"5,730~5,830만원",출시 2022년 6월
39,가솔린,2023 미니 컨버터블,"4,550~4,570만원",출시 2022년 6월
40,가솔린,2023 모닝,"1,175~1,540만원",출시 2022년 6월
41,가솔린,2023 SM6,"2,543~3,530만원",출시 2022년 6월
42,가솔린,2022 포르쉐 파나메라 GTS,"22,120만원",출시 2022년 6월
43,가솔린,2022 포르쉐 파나메라 E-하이브리드,"17,360~30,490만원",출시 2022년 6월
44,가솔린,2022 포르쉐 파나메라,"15,030~30,810만원",출시 2022년 6월
45,가솔린,2022 캐딜락 XT6,"8,441만원",출시 2022년 6월
46,가솔린,2022 캐딜락 XT5,"6,843~7,632만원",출시 2022년 6월
47,가솔린,2022 지프 컴패스,"5,140~5,640만원",출시 2022년 6월
48,가솔린,2022 아우디 A7,"9,047~9,832만원",출시 2022년 6월
49,가솔린,2022 쉐보레 이쿼녹스,"3,104~4,091만원",출시 2022년 6월
50,가솔린,2022 렉서스 NX 하이브리드,"6,500~7,440만원",출시 2022년 6월
51,가솔린,2022 렉서스 NX 플러그인 하이브리드,"7,100만원",출시 2022년 6월
52,가솔린,2022 렉서스 NX F 스포츠 플러그인 하이브리드,"7,800만원",출시 2022년 6월
53,가솔린,2023 K8 하이브리드,"3,738~4,415만원",출시 2022년 5월
54,가솔린,2023 K8,"3,259~4,565만원",출시 2022년 5월
55,가솔린,2022 팰리세이드,"3,867~6,028만원",출시 2022년 5월
56,가솔린,2022 토요타 GR 86,"4,030~4,630만원",출시 2022년 5월
57,가솔린,2022 아우디 RS7,"16,712만원",출시 2022년 5월
58,가솔린,2022 아우디 RS6 아반트,"16,112만원",출시 2022년 5월
59,가솔린,2022 아우디 A5,"6,790만원",출시 2022년 5월
60,가솔린,2022 메르세데스-AMG GT 4도어 쿠페,"14,310~16,960만원",출시 2022년 5월
61,가솔린,2022 랜드로버 레인지로버 LWB,"20,000~29,237만원",출시 2022년 5월
62,가솔린,2022 랜드로버 레인지로버,"19,000~21,000만원",출시 2022년 5월
63,가솔린,2022 그랜저 하이브리드,"3,787~4,606만원",출시 2022년 5월
64,가솔린,2022 그랜저,"3,392~4,486만원",출시 2022년 5월
65,가솔린,2023 쉐보레 트레일블레이저,"2,489~2,897만원",출시 2022년 4월
66,가솔린,2023 랜드로버 디펜더 110,"10,190~14,127만원",출시 2022년 4월
67,가솔린,2023 QM6,"2,489~4,075만원",출시 2022년 4월
68,가솔린,2022 포르쉐 카이엔 쿠페,"12,020~23,410만원",출시 2022년 4월
69,가솔린,2022 포르쉐 카이엔 E-하이브리드 쿠페,"12,760~14,620만원",출시 2022년 4월
70,가솔린,2022 포르쉐 카이엔 E-하이브리드,"12,160~14,290만원",출시 2022년 4월
71,가솔린,2022 포르쉐 카이엔,"11,120~17,100만원",출시 2022년 4월
72,가솔린,2022 토요타 라브4 하이브리드,"4,170~4,740만원",출시 2022년 4월
73,가솔린,2022 토요타 GR 수프라,"7,640만원",출시 2022년 4월
74,가솔린,2022 코나 하이브리드,"2,558~3,056만원",출시 2022년 4월
75,가솔린,2022 코나,"2,144~3,058만원",출시 2022년 4월
76,가솔린,2022 아우디 Q7,"11,300만원",출시 2022년 4월
77,가솔린,2022 아우디 A5 카브리올레,"7,566만원",출시 2022년 4월
78,가솔린,2022 아우디 A5 스포트백,"5,809~6,643만원",출시 2022년 4월
79,가솔린,2022 아우디 A4,"5,122~6,202만원",출시 2022년 4월
80,가솔린,2022 쉐보레 타호,"9,253~9,363만원",출시 2022년 4월
81,가솔린,2022 GV70,"4,904~5,864만원",출시 2022년 4월
82,가솔린,2022 BMW 2시리즈,"6,920만원",출시 2022년 4월
83,가솔린,2023 XM3,"1,865~2,862만원",출시 2022년 3월
84,가솔린,2022 혼다 어코드 하이브리드,"4,650만원",출시 2022년 3월
85,가솔린,2022 혼다 어코드,"3,790만원",출시 2022년 3월
86,가솔린,2022 혼다 CR-V 하이브리드,"4,850만원",출시 2022년 3월
87,가솔린,2022 혼다 CR-V,"3,900만원",출시 2022년 3월
88,가솔린,2022 푸조 5008,"4,770~5,870만원",출시 2022년 3월
89,가솔린,2022 포르쉐 마칸 GTS,"11,450만원",출시 2022년 3월
90,가솔린,2022 포르쉐 마칸,"9,560만원",출시 2022년 3월
91,가솔린,2022 포드 브롱코 4도어,"6,900만원",출시 2022년 3월
92,가솔린,2022 캐딜락 CT5-V,"13,857만원",출시 2022년 3월
93,가솔린,2022 지프 그랜드 체로키 L,"8,780~9,780만원",출시 2022년 3월
94,가솔린,2022 아반떼 하이브리드,"2,346~2,892만원",출시 2022년 3월
95,가솔린,2022 아반떼,"1,866~2,806만원",출시 2022년 3월
96,가솔린,2022 메르세데스-벤츠 C클래스,"6,150~6,800만원",출시 2022년 3월
97,가솔린,2022 메르세데스-벤츠 CLS클래스,"9,370~11,410만원",출시 2022년 3월
98,가솔린,2022 메르세데스-AMG CLS클래스,"13,110만원",출시 2022년 3월
99,가솔린,2022 마세라티 콰트로포르테,"16,970~29,200만원",출시 2022년 3월
100,가솔린,2022 마세라티 르반떼,"11,800~23,910만원",출시 2022년 3월
101,가솔린,2022 마세라티 기블리,"11,560~18,450만원",출시 2022년 3월
102,가솔린,2022 링컨 노틸러스,"6,040~6,890만원",출시 2022년 3월
103,가솔린,2022 캐딜락 에스컬레이드,"15,357~16,357만원",출시 2022년 2월
104,가솔린,2022 아우디 SQ5 스포트백,"9,441만원",출시 2022년 2월
105,가솔린,2022 아우디 SQ5,"9,147만원",출시 2022년 2월
106,가솔린,2022 아우디 Q8,"11,700만원",출시 2022년 2월
107,가솔린,2022 랜드로버 디펜더 110,"9,180~14,117만원",출시 2022년 2월
108,가솔린,2023 니로 하이브리드,"2,660~3,306만원",출시 2022년 1월
109,가솔린,2022 푸조 3008,"4,350~5,120만원",출시 2022년 1월
110,가솔린,2022 페라리 296 GTB,"39,800만원",출시 2022년 1월
111,가솔린,2022 애스턴마틴 DBS 볼란테,"41,900만원",출시 2022년 1월
112,가솔린,2022 애스턴마틴 DB11 볼란테,"28,500만원",출시 2022년 1월
113,가솔린,2022 쉐보레 트래버스,"5,470~6,430만원",출시 2022년 1월
114,가솔린,2022 볼보 XC90 플러그인 하이브리드,"11,270만원",출시 2022년 1월
115,가솔린,2022 볼보 XC90,"8,280~9,310만원",출시 2022년 1월
116,가솔린,2022 볼보 XC40,"4,670~5,130만원",출시 2022년 1월
117,가솔린,2022 링컨 에비에이터 플러그인 하이브리드,"10,270만원",출시 2022년 1월
118,가솔린,2022 BMW M8 그란쿠페,"23,980만원",출시 2022년 1월
119,가솔린,2022 BMW M8,"24,020만원",출시 2022년 1월
120,가솔린,2022 BMW M4,"12,270~14,410만원",출시 2022년 1월
121,가솔린,2022 포르쉐 911 타르가 GTS,"21,990만원",출시 2021년 12월
122,가솔린,2022 포르쉐 911 카레라 GTS 카브리올레,"21,070~21,990만원",출시 2021년 12월
123,가솔린,2022 포르쉐 911 카레라 GTS,"19,490~20,410만원",출시 2021년 12월
124,가솔린,2022 아우디 R8,"25,569만원",출시 2021년 12월
125,가솔린,2022 아우디 Q5 스포트백,"6,791~7,380만원",출시 2021년 12월
126,가솔린,2022 아우디 Q5,"6,496~7,085만원",출시 2021년 12월
127,가솔린,2022 아우디 A6,"6,744~8,824만원",출시 2021년 12월
128,가솔린,2022 싼타페 하이브리드,"3,414~4,497만원",출시 2021년 12월
129,가솔린,2022 싼타페,"3,156~4,321만원",출시 2021년 12월
130,가솔린,2022 쉐보레 콜로라도,"4,050~4,889만원",출시 2021년 12월
131,가솔린,2022 메르세데스-벤츠 A클래스 세단,"4,160~5,090만원",출시 2021년 12월
132,가솔린,2022 메르세데스-AMG A클래스 세단,"6,270만원",출시 2021년 12월
133,가솔린,2022 G90 LWB,"16,557만원",출시 2021년 12월
134,가솔린,2022 G90,"8,957~9,307만원",출시 2021년 12월
135,가솔린,2022 메르세데스-벤츠 S클래스,"14,060~23,060만원",출시 2021년 11월
136,가솔린,2022 메르세데스-벤츠 GLC클래스,"6,960~8,050만원",출시 2021년 11월
137,가솔린,2022 메르세데스-벤츠 GLC 쿠페,"7,470~8,310만원",출시 2021년 11월
138,가솔린,2022 메르세데스-벤츠 E클래스 쿠페,"8,240~10,310만원",출시 2021년 11월
139,가솔린,2022 메르세데스-벤츠 E클래스 카브리올레,"10,810만원",출시 2021년 11월
140,가솔린,2022 메르세데스-벤츠 E클래스,"6,730~10,830만원",출시 2021년 11월
141,가솔린,2022 메르세데스-벤츠 CLA클래스,"5,660만원",출시 2021년 11월
142,가솔린,2022 메르세데스-벤츠 A클래스,"4,060만원",출시 2021년 11월
143,가솔린,2022 메르세데스-마이바흐 S클래스,"27,160~42,860만원",출시 2021년 11월
144,가솔린,2022 메르세데스-AMG GLE클래스,"14,360만원",출시 2021년 11월
145,가솔린,2022 메르세데스-AMG GLC클래스,"9,830만원",출시 2021년 11월
146,가솔린,2022 메르세데스-AMG E클래스 쿠페,"11,710만원",출시 2021년 11월
147,가솔린,2022 메르세데스-AMG E클래스,"12,130만원",출시 2021년 11월
148,가솔린,2022 메르세데스-AMG CLA클래스,"8,370만원",출시 2021년 11월
149,가솔린,2022 메르세데스-AMG A클래스,"7,090만원",출시 2021년 11월
150,가솔린,2022 마세라티 MC20,"30,900만원",출시 2021년 11월
151,가솔린,2022 롤스로이스 고스트 블랙배지,"55,500만원",출시 2021년 11월
152,가솔린,2022 BMW Z4,"6,590~9,110만원",출시 2021년 11월
153,가솔린,2022 BMW X7,"13,030~16,620만원",출시 2021년 11월
154,가솔린,2022 BMW X6 M,"17,710만원",출시 2021년 11월
155,가솔린,2022 BMW X6,"11,560~14,830만원",출시 2021년 11월
156,가솔린,2022 BMW X5 플러그인 하이브리드,"11,720~12,300만원",출시 2021년 11월
157,가솔린,2022 BMW X5 M,"17,410만원",출시 2021년 11월
158,가솔린,2022 BMW X5,"10,870~12,420만원",출시 2021년 11월
159,가솔린,2022 BMW X4 M,"12,070만원",출시 2021년 11월
160,가솔린,2022 BMW X4,"6,670~9,620만원",출시 2021년 11월
161,가솔린,2022 BMW X3 플러그인 하이브리드,"7,860~8,370만원",출시 2021년 11월
162,가솔린,2022 BMW X3 M,"11,750~11,840만원",출시 2021년 11월
163,가솔린,2022 BMW X3,"6,440~9,730만원",출시 2021년 11월
164,가솔린,2022 BMW X2,"5,300~6,930만원",출시 2021년 11월
165,가솔린,2022 BMW M5,"16,170만원",출시 2021년 11월
166,가솔린,2022 BMW M4 컨버터블,"13,210~14,380만원",출시 2021년 11월
167,가솔린,2022 BMW M3,"12,120만원",출시 2021년 11월
168,가솔린,2022 BMW 8시리즈 그란쿠페,"13,480~13,630만원",출시 2021년 11월
169,가솔린,2022 BMW 8시리즈,"13,860만원",출시 2021년 11월
170,가솔린,2022 BMW 7시리즈 플러그인 하이브리드,"14,760~16,700만원",출시 2021년 11월
171,가솔린,2022 BMW 7시리즈,"13,870~23,340만원",출시 2021년 11월
172,가솔린,2022 BMW 6시리즈 그란투리스모,"8,160~10,370만원",출시 2021년 11월
173,가솔린,2022 BMW 5시리즈 플러그인 하이브리드,"8,080~8,360만원",출시 2021년 11월
174,가솔린,2022 BMW 5시리즈,"6,370~11,600만원",출시 2021년 11월
175,가솔린,2022 BMW 4시리즈 컨버터블,"6,730만원",출시 2021년 11월
176,가솔린,2022 BMW 4시리즈 그란쿠페,"6,430~6,630만원",출시 2021년 11월
177,가솔린,2022 BMW 4시리즈,"5,870~8,210만원",출시 2021년 11월
178,가솔린,2022 BMW 3시리즈 플러그인 하이브리드,"5,840~6,580만원",출시 2021년 11월
179,가솔린,2022 BMW 3시리즈 투어링,"5,710~8,100만원",출시 2021년 11월
180,가솔린,2022 BMW 3시리즈,"5,180~7,750만원",출시 2021년 11월
181,가솔린,2022 BMW 2시리즈 그란쿠페,"4,210~5,880만원",출시 2021년 11월
182,가솔린,2022 BMW 1시리즈,"4,000~6,250만원",출시 2021년 11월
183,가솔린,2021 지프 그랜드 체로키 L,"7,980~8,980만원",출시 2021년 11월
184,가솔린,2021 아우디 SQ5 스포트백,"9,355만원",출시 2021년 11월
185,가솔린,2021 BMW M8 그란쿠페,"23,750만원",출시 2021년 11월
186,가솔린,2022 포르쉐 911 GT3,"22,000만원",출시 2021년 10월
187,가솔린,2022 볼보 V90 크로스 컨트리,"6,950~7,970만원",출시 2021년 10월
188,가솔린,2022 볼보 V60 크로스 컨트리,"5,330~5,960만원",출시 2021년 10월
189,가솔린,2022 볼보 S90 플러그인 하이브리드,"8,740만원",출시 2021년 10월
190,가솔린,2022 볼보 S90,"6,150~7,250만원",출시 2021년 10월
191,가솔린,2022 볼보 S60,"4,810~5,410만원",출시 2021년 10월
192,가솔린,2022 로터스 에미라,"14,200~14,650만원",출시 2021년 10월
193,가솔린,2022 레디컬 SR8,"22,000만원",출시 2021년 10월
194,가솔린,2022 레디컬 SR3 XX,"16,000만원",출시 2021년 10월
195,가솔린,2022 레디컬 SR10,"23,000만원",출시 2021년 10월
196,가솔린,2022 레디컬 SR1,"9,990만원",출시 2021년 10월
197,가솔린,2022 SM6,"2,386~3,387만원",출시 2021년 10월
198,가솔린,2022 캐스퍼,"1,375~1,960만원",출시 2021년 9월
199,가솔린,2022 스팅어,"3,878~5,006만원",출시 2021년 9월
200,가솔린,2022 볼보 XC60 플러그인 하이브리드,"8,570만원",출시 2021년 9월
201,가솔린,2022 볼보 XC60,"6,190~7,200만원",출시 2021년 9월
202,가솔린,2022 렉서스 UX 하이브리드,"4,640~5,560만원",출시 2021년 9월
203,가솔린,2022 렉서스 UX F 스포츠 하이브리드,"5,180만원",출시 2021년 9월
204,가솔린,2022 렉서스 ES 하이브리드,"6,190~6,860만원",출시 2021년 9월
205,가솔린,2022 렉서스 ES F 스포츠 하이브리드,"7,110만원",출시 2021년 9월
206,가솔린,2022 QM6,"2,465~3,908만원",출시 2021년 9월
207,가솔린,2021 캐딜락 XT6,"8,391만원",출시 2021년 9월
208,가솔린,2021 캐딜락 XT5,"6,793~7,582만원",출시 2021년 9월
209,가솔린,2021 캐딜락 CT4,"4,935만원",출시 2021년 9월
210,가솔린,2021 지프 랭글러 4XE,"8,340~8,690만원",출시 2021년 9월
211,가솔린,2021 아우디 Q5 스포트백,"6,704~7,293만원",출시 2021년 9월
212,가솔린,2021 쉐보레 트래버스,"4,520~5,522만원",출시 2021년 9월
213,가솔린,2021 메르세데스-벤츠 GLE클래스 플러그인 하이브리드,"11,460만원",출시 2021년 9월
214,가솔린,2021 메르세데스-벤츠 GLE 쿠페 플러그인 하이브리드,"11,760만원",출시 2021년 9월
215,가솔린,2022 GV80,"6,136~7,056만원",출시 2021년 8월
216,가솔린,2021 아우디 RS7,"16,402만원",출시 2021년 8월
217,가솔린,2021 아우디 RS6 아반트,"15,802만원",출시 2021년 8월
218,가솔린,2021 메르세데스-AMG GLE클래스,"14,260만원",출시 2021년 8월
219,가솔린,2021 메르세데스-AMG GLE 쿠페,"14,360~18,360만원",출시 2021년 8월
220,가솔린,2021 메르세데스-AMG GLC클래스,"9,800만원",출시 2021년 8월
221,가솔린,2021 메르세데스-AMG GLC 쿠페,"9,970~13,260만원",출시 2021년 8월
222,가솔린,2021 맥라렌 아투라,"29,900만원",출시 2021년 8월
223,가솔린,2022 카니발 하이리무진,"6,096~8,683만원",출시 2021년 7월
224,가솔린,2022 카니발,"3,180~4,381만원",출시 2021년 7월
225,가솔린,2022 쏘렌토 하이브리드,"3,515~4,546만원",출시 2021년 7월
226,가솔린,2022 쏘렌토,"2,958~4,273만원",출시 2021년 7월
227,가솔린,2022 스포티지 하이브리드,"3,109~3,916만원",출시 2021년 7월
228,가솔린,2022 스포티지,"2,422~3,731만원",출시 2021년 7월
229,가솔린,2022 쉐보레 말리부,"2,364~3,338만원",출시 2021년 7월
230,가솔린,2022 셀토스,"1,944~2,930만원",출시 2021년 7월
231,가솔린,2022 베뉴,"1,689~2,236만원",출시 2021년 7월
232,가솔린,2022 미니 컨트리맨 S,"5,180~5,530만원",출시 2021년 7월
233,가솔린,2022 미니 컨트리맨,"4,030~4,390만원",출시 2021년 7월
234,가솔린,2022 레이,"1,305~1,580만원",출시 2021년 7월
235,가솔린,2021 코나 N,"3,418만원",출시 2021년 7월
236,가솔린,2021 아우디 SQ5,"9,125만원",출시 2021년 7월
237,가솔린,2021 아우디 RS5 스포트백,"12,102만원",출시 2021년 7월
238,가솔린,2021 아반떼 N,"3,212~3,402만원",출시 2021년 7월
239,가솔린,2021 싼타페 하이브리드,"3,414~4,497만원",출시 2021년 7월
240,가솔린,2021 미니 해치백 S 5도어,"4,300~4,600만원",출시 2021년 7월
241,가솔린,2021 미니 해치백 S,"4,200~4,500만원",출시 2021년 7월
242,가솔린,2021 미니 해치백 JCW,"5,010~5,232만원",출시 2021년 7월
243,가솔린,2021 미니 해치백 5도어,"3,410~4,120만원",출시 2021년 7월
244,가솔린,2021 미니 해치백,"3,180~4,020만원",출시 2021년 7월
245,가솔린,2021 미니 컨버터블 S,"4,870~4,990만원",출시 2021년 7월
246,가솔린,2021 미니 컨버터블 JCW,"5,520~5,640만원",출시 2021년 7월
247,가솔린,2021 미니 컨버터블,"4,380~4,500만원",출시 2021년 7월
248,가솔린,2021 마세라티 콰트로포르테,"16,730~28,360만원",출시 2021년 7월
249,가솔린,2021 마세라티 르반떼,"11,800~23,910만원",출시 2021년 7월
250,가솔린,2021 마세라티 기블리,"11,450~18,050만원",출시 2021년 7월
251,가솔린,2022 코란도,"2,253~3,279만원",출시 2021년 6월
252,가솔린,2022 쉐보레 스파크,"977~1,448만원",출시 2021년 6월
253,가솔린,2022 모닝,"1,175~1,520만원",출시 2021년 6월
254,가솔린,2022 랜드로버 디스커버리,"8,680~11,340만원",출시 2021년 6월
255,가솔린,2022 니로 하이브리드,"2,439~3,017만원",출시 2021년 6월
256,가솔린,2022 니로 플러그인 하이브리드,"3,939만원",출시 2021년 6월
257,가솔린,2022 XM3,"1,787~2,641만원",출시 2021년 6월
258,가솔린,2022 K9,"5,694~7,608만원",출시 2021년 6월
259,가솔린,2022 K5 하이브리드,"2,777~3,384만원",출시 2021년 6월
260,가솔린,2022 K5,"2,381~3,171만원",출시 2021년 6월
261,가솔린,2022 G80,"5,311~6,251만원",출시 2021년 6월
262,가솔린,2022 BMW X1,"5,080~5,470만원",출시 2021년 6월
263,가솔린,2021 포르쉐 파나메라 E-하이브리드,"16,730~18,140만원",출시 2021년 6월
264,가솔린,2021 캐딜락 에스컬레이드,"15,357만원",출시 2021년 6월
265,가솔린,2021 아우디 S5 스포트백,"8,449만원",출시 2021년 6월
266,가솔린,2021 아우디 S5,"8,597만원",출시 2021년 6월
267,가솔린,2021 아우디 S4,"8,008만원",출시 2021년 6월
268,가솔린,2021 아우디 RSQ8,"17,202만원",출시 2021년 6월
269,가솔린,2021 아우디 Q5,"6,409~6,999만원",출시 2021년 6월
270,가솔린,2021 메르세데스-마이바흐 S클래스,"26,060만원",출시 2021년 6월
271,가솔린,2021 랜드로버 레인지로버 벨라,"9,520~11,460만원",출시 2021년 6월
272,가솔린,2021 랜드로버 디펜더 110,"9,180~11,660만원",출시 2021년 6월
273,가솔린,2021 랜드로버 디스커버리 스포츠,"6,220~7,100만원",출시 2021년 6월
274,가솔린,2022 티볼리 에어,"1,908~2,556만원",출시 2021년 5월
275,가솔린,2022 티볼리,"1,659~2,613만원",출시 2021년 5월
276,가솔린,2022 토요타 캠리 하이브리드,"3,762~4,357만원",출시 2021년 5월
277,가솔린,2022 토요타 캠리,"3,669만원",출시 2021년 5월
278,가솔린,2021 캐딜락 CT5,"5,428~5,921만원",출시 2021년 5월
279,가솔린,2021 지프 컴패스,"4,390만원",출시 2021년 5월
280,가솔린,2021 메르세데스-AMG GLA클래스,"7,621만원",출시 2021년 5월
281,가솔린,2021 렉서스 RC F,"9,750만원",출시 2021년 5월
282,가솔린,2021 그랜저 하이브리드,"3,679~4,489만원",출시 2021년 5월
283,가솔린,2021 그랜저,"3,303~4,388만원",출시 2021년 5월
284,가솔린,2021 K8 하이브리드,"3,698~4,287만원",출시 2021년 5월
285,가솔린,2021 BMW 4시리즈 컨버터블,"6,790만원",출시 2021년 5월
286,가솔린,2022 K3 GT,"2,582만원",출시 2021년 4월
287,가솔린,2022 K3,"1,738~2,425만원",출시 2021년 4월
288,가솔린,2021 토요타 시에나 하이브리드,"6,200~6,400만원",출시 2021년 4월
289,가솔린,2021 쏘나타 하이브리드,"2,881~3,635만원",출시 2021년 4월
290,가솔린,2021 쏘나타,"2,547~3,645만원",출시 2021년 4월
291,가솔린,2021 볼보 XC90,"8,280~9,290만원",출시 2021년 4월
292,가솔린,2021 볼보 XC60,"6,090~7,100만원",출시 2021년 4월
293,가솔린,2021 메르세데스-벤츠 S클래스,"14,060~21,860만원",출시 2021년 4월
294,가솔린,2021 메르세데스-AMG GT R,"25,360만원",출시 2021년 4월
295,가솔린,2021 메르세데스-AMG GT 4도어 쿠페,"13,760~24,160만원",출시 2021년 4월
296,가솔린,2021 메르세데스-AMG CLA클래스,"7,980만원",출시 2021년 4월
297,가솔린,2021 링컨 에비에이터 플러그인 하이브리드,"9,890만원",출시 2021년 4월
298,가솔린,2021 링컨 에비에이터,"8,410~9,390만원",출시 2021년 4월
299,가솔린,2021 렉서스 LC 컨버터블,"17,800만원",출시 2021년 4월
300,가솔린,2021 랜드로버 레인지로버 이보크,"6,770~7,890만원",출시 2021년 4월
301,가솔린,2021 K8,"3,220~4,526만원",출시 2021년 4월
302,가솔린,2021 BMW M4,"12,270~14,010만원",출시 2021년 4월
303,가솔린,2021 BMW M3,"12,170~13,070만원",출시 2021년 4월
304,가솔린,2021 포드 익스페디션,"8,240만원",출시 2021년 3월
305,가솔린,2021 지프 체로키,"4,990~5,490만원",출시 2021년 3월
306,가솔린,2021 지프 레니게이드,"3,810~4,460만원",출시 2021년 3월
307,가솔린,2021 지프 랭글러 2도어,"6,340만원",출시 2021년 3월
308,가솔린,2021 지프 랭글러,"5,990~7,400만원",출시 2021년 3월
309,가솔린,2021 지프 글래디에이터,"7,070만원",출시 2021년 3월
310,가솔린,2021 지프 그랜드 체로키,"6,290~7,440만원",출시 2021년 3월
311,가솔린,2021 아우디 S8L,"20,502만원",출시 2021년 3월
312,가솔린,2021 메르세데스-벤츠 GLS클래스,"14,060~16,760만원",출시 2021년 3월
313,가솔린,2021 메르세데스-벤츠 GLE클래스,"9,970~11,860만원",출시 2021년 3월
314,가솔린,2021 메르세데스-벤츠 GLC클래스,"6,900~8,000만원",출시 2021년 3월
315,가솔린,2021 메르세데스-벤츠 GLC 쿠페,"7,390~8,310만원",출시 2021년 3월
316,가솔린,2021 메르세데스-마이바흐 GLS클래스,"25,660만원",출시 2021년 3월
317,가솔린,2021 메르세데스-AMG GLB클래스,"6,921만원",출시 2021년 3월
318,가솔린,2021 링컨 네비게이터,"11,840만원",출시 2021년 3월
319,가솔린,2021 렉서스 LS 하이브리드,"14,750~16,750만원",출시 2021년 3월
320,가솔린,2021 렉서스 LS,"12,840~15,200만원",출시 2021년 3월
321,가솔린,2021 BMW 3시리즈 플러그인 하이브리드,"6,320~6,520만원",출시 2021년 3월
322,가솔린,2021 혼다 오딧세이,"5,790만원",출시 2021년 2월
323,가솔린,2021 포르쉐 파나메라 GTS,"21,230만원",출시 2021년 2월
324,가솔린,2021 포르쉐 파나메라,"14,400~29,520만원",출시 2021년 2월
325,가솔린,2021 포르쉐 카이맨 GTS,"11,670만원",출시 2021년 2월
326,가솔린,2021 포르쉐 박스터 GTS,"12,140~13,180만원",출시 2021년 2월
327,가솔린,2021 토요타 GR 수프라,"7,568만원",출시 2021년 2월
328,가솔린,2021 캐딜락 XT4,"5,531만원",출시 2021년 2월
329,가솔린,2021 아우디 A8L,"13,798~19,400만원",출시 2021년 2월
330,가솔린,2021 아우디 A5 카브리올레,"7,566만원",출시 2021년 2월
331,가솔린,2021 아우디 A5 스포트백,"5,701~6,535만원",출시 2021년 2월
332,가솔린,2021 아우디 A5,"6,682만원",출시 2021년 2월
333,가솔린,2021 메르세데스-AMG G클래스,"21,760~24,560만원",출시 2021년 2월
334,가솔린,2021 랜드로버 레인지로버 스포츠 SVR,"17,947만원",출시 2021년 2월
335,가솔린,2021 랜드로버 레인지로버 스포츠,"13,087~14,277만원",출시 2021년 2월
336,가솔린,2021 BMW 4시리즈,"5,940~8,290만원",출시 2021년 2월
337,가솔린,2022 쉐보레 트랙스,"1,885~2,333만원",출시 2021년 1월
338,가솔린,2021 혼다 어코드 하이브리드,"4,570만원",출시 2021년 1월
339,가솔린,2021 혼다 어코드,"3,740만원",출시 2021년 1월
340,가솔린,2021 혼다 CR-V 하이브리드,"4,510~4,770만원",출시 2021년 1월
341,가솔린,2021 혼다 CR-V,"3,850만원",출시 2021년 1월
342,가솔린,2021 폭스바겐 제타,"2,949~3,285만원",출시 2021년 1월
343,가솔린,2021 포드 익스플로러 플러그인 하이브리드,"7,410만원",출시 2021년 1월
344,가솔린,2021 포드 익스플로러,"6,020~6,760만원",출시 2021년 1월
345,가솔린,2021 재규어 F-타입 쿠페,"9,750~19,627만원",출시 2021년 1월
346,가솔린,2021 재규어 F-타입,"10,250~20,127만원",출시 2021년 1월
347,가솔린,2021 아우디 A6,"6,457~8,824만원",출시 2021년 1월
348,가솔린,2021 아우디 A4,"5,014~6,093만원",출시 2021년 1월
349,가솔린,2021 벤틀리 벤테이가,"31,200만원",출시 2021년 1월
350,가솔린,2021 메르세데스-벤츠 GLB클래스,"5,270~6,370만원",출시 2021년 1월
351,가솔린,2021 렉서스 UX 하이브리드,"4,560~5,480만원",출시 2021년 1월
352,가솔린,2021 렉서스 UX F 스포츠 하이브리드,"5,110만원",출시 2021년 1월
353,가솔린,2021 랜드로버 레인지로버 LWB,"20,447~29,487만원",출시 2021년 1월
354,가솔린,2021 랜드로버 레인지로버,"17,187~21,497만원",출시 2021년 1월
355,가솔린,2021 DS 7 크로스백,"5,090~6,232만원",출시 2021년 1월
356,가솔린,2022 쉐보레 트레일블레이저,"1,959~2,853만원",출시 2020년 12월
357,가솔린,2021 포르쉐 911 터보 카브리올레,"29,390만원",출시 2020년 12월
358,가솔린,2021 포르쉐 911 터보,"27,830만원",출시 2020년 12월
359,가솔린,2021 포르쉐 911 타르가,"17,270~24,070만원",출시 2020년 12월
360,가솔린,2021 아우디 Q8,"10,012~11,662만원",출시 2020년 12월
361,가솔린,2021 아우디 Q7,"9,129~11,262만원",출시 2020년 12월
362,가솔린,2021 아우디 A7,"8,922~9,805만원",출시 2020년 12월
363,가솔린,2021 메르세데스-벤츠 E클래스 쿠페,"10,060만원",출시 2020년 12월
364,가솔린,2021 메르세데스-벤츠 E클래스 카브리올레,"10,660만원",출시 2020년 12월
365,가솔린,2021 메르세데스-벤츠 A클래스,"3,940만원",출시 2020년 12월
366,가솔린,2021 메르세데스-AMG GT C 로드스터,"21,960만원",출시 2020년 12월
367,가솔린,2021 메르세데스-AMG E클래스 쿠페,"11,560만원",출시 2020년 12월
368,가솔린,2021 메르세데스-AMG A클래스,"6,810만원",출시 2020년 12월
369,가솔린,2021 람보르기니 우라칸,"43,500만원",출시 2020년 12월
370,가솔린,2021 GV70,"4,791~5,724만원",출시 2020년 12월
371,가솔린,2021 BMW Z4,"6,640~9,160만원",출시 2020년 12월
372,가솔린,2021 BMW X7,"13,080~17,580만원",출시 2020년 12월
373,가솔린,2021 BMW X6,"11,230~14,800만원",출시 2020년 12월
374,가솔린,2021 BMW X5 플러그인 하이브리드,"11,290~12,140만원",출시 2020년 12월
375,가솔린,2021 BMW X5,"10,330~14,520만원",출시 2020년 12월
376,가솔린,2021 BMW X4 M,"12,060만원",출시 2020년 12월
377,가솔린,2021 BMW X4,"6,640~9,120만원",출시 2020년 12월
378,가솔린,2021 BMW X3 플러그인 하이브리드,"7,820만원",출시 2020년 12월
379,가솔린,2021 BMW X3 M,"11,250만원",출시 2020년 12월
380,가솔린,2021 BMW X3,"6,410~8,910만원",출시 2020년 12월
381,가솔린,2021 BMW X2,"5,300~6,930만원",출시 2020년 12월
382,가솔린,2021 BMW X1,"4,820~5,290만원",출시 2020년 12월
383,가솔린,2021 BMW 8시리즈 그란쿠페,"13,530~13,570만원",출시 2020년 12월
384,가솔린,2021 BMW 8시리즈,"13,910만원",출시 2020년 12월
385,가솔린,2021 BMW 7시리즈 플러그인 하이브리드,"14,740~16,670만원",출시 2020년 12월
386,가솔린,2021 BMW 7시리즈,"13,870~23,340만원",출시 2020년 12월
387,가솔린,2021 BMW 3시리즈 투어링,"5,660~8,370만원",출시 2020년 12월
388,가솔린,2021 BMW 3시리즈,"5,170~8,070만원",출시 2020년 12월
389,가솔린,2021 BMW 2시리즈 그란쿠페,"4,090~6,180만원",출시 2020년 12월
390,가솔린,2021 BMW 1시리즈,"3,940~6,080만원",출시 2020년 12월
391,가솔린,2021 혼다 파일럿,"5,950만원",출시 2020년 11월
392,가솔린,2021 카니발 하이리무진,"6,066~6,391만원",출시 2020년 11월
393,가솔린,2021 메르세데스-벤츠 GLA클래스,"5,260~6,010만원",출시 2020년 11월
394,가솔린,2021 메르세데스-벤츠 CLS클래스,"11,160~12,260만원",출시 2020년 11월
395,가솔린,2021 메르세데스-벤츠 CLA클래스,"5,520만원",출시 2020년 11월
396,가솔린,2021 메르세데스-벤츠 A클래스 세단,"4,040~4,890만원",출시 2020년 11월
397,가솔린,2021 메르세데스-AMG CLS클래스,"12,760만원",출시 2020년 11월
398,가솔린,2021 메르세데스-AMG A클래스 세단,"6,020만원",출시 2020년 11월
399,가솔린,2021 QM6,"2,435~4,055만원",출시 2020년 11월
400,가솔린,2021 BMW M5,"16,120~20,580만원",출시 2020년 11월
401,가솔린,2020 메르세데스-AMG GT C 로드스터,"21,690만원",출시 2020년 11월
402,가솔린,2020 메르세데스-AMG A클래스 세단,"5,920만원",출시 2020년 11월
403,가솔린,2020 BMW M2,"11,480~12,250만원",출시 2020년 11월
404,가솔린,2021 티볼리 에어,"1,898~2,196만원",출시 2020년 10월
405,가솔린,2021 투싼 하이브리드,"2,857~3,612만원",출시 2020년 10월
406,가솔린,2021 코나 하이브리드,"2,365~2,981만원",출시 2020년 10월
407,가솔린,2021 코나,"1,962~3,000만원",출시 2020년 10월
408,가솔린,2021 쉐보레 카마로,"5,450~5,529만원",출시 2020년 10월
409,가솔린,2021 쉐보레 말리부,"2,364~3,338만원",출시 2020년 10월
410,가솔린,2021 볼보 V90 크로스 컨트리,"6,900~7,920만원",출시 2020년 10월
411,가솔린,2021 벤틀리 플라잉 스퍼,"33,300만원",출시 2020년 10월
412,가솔린,2021 베뉴,"1,662~2,148만원",출시 2020년 10월
413,가솔린,2021 미니 컨트리맨 S,"5,300만원",출시 2020년 10월
414,가솔린,2021 미니 컨트리맨,"3,960~4,470만원",출시 2020년 10월
415,가솔린,2021 메르세데스-벤츠 GLC클래스 플러그인 하이브리드,"7,680만원",출시 2020년 10월
416,가솔린,2021 메르세데스-벤츠 GLC 쿠페 플러그인 하이브리드,"8,090만원",출시 2020년 10월
417,가솔린,2021 메르세데스-벤츠 E클래스 하이브리드,"8,390만원",출시 2020년 10월
418,가솔린,2021 메르세데스-벤츠 E클래스,"6,450~10,460만원",출시 2020년 10월
419,가솔린,2021 메르세데스-AMG GT,"18,260만원",출시 2020년 10월
420,가솔린,2021 메르세데스-AMG E클래스,"11,940만원",출시 2020년 10월
421,가솔린,2021 렉서스 NX 하이브리드,"5,960~6,770만원",출시 2020년 10월
422,가솔린,2021 렉서스 NX F 스포츠,"6,420만원",출시 2020년 10월
423,가솔린,2021 렉서스 NX,"5,830~6,520만원",출시 2020년 10월
424,가솔린,2021 K7 하이브리드,"3,639~4,032만원",출시 2020년 10월
425,가솔린,2021 K7,"3,137~3,819만원",출시 2020년 10월
426,가솔린,2021 K5 하이브리드,"2,754~3,365만원",출시 2020년 10월
427,가솔린,2021 K5,"2,356~3,151만원",출시 2020년 10월
428,가솔린,2021 G70,"4,035~4,830만원",출시 2020년 10월
429,가솔린,2021 BMW 6시리즈 그란투리스모,"8,210~10,420만원",출시 2020년 10월
430,가솔린,2021 BMW 5시리즈,"6,360~12,180만원",출시 2020년 10월
431,가솔린,2020 폭스바겐 제타,"2,714~2,951만원",출시 2020년 10월
432,가솔린,2020 메르세데스-AMG CLA클래스,"7,880만원",출시 2020년 10월
433,가솔린,2021 투싼,"2,435~3,696만원",출시 2020년 9월
434,가솔린,2021 토요타 프리우스 프라임,"4,934만원",출시 2020년 9월
435,가솔린,2021 토요타 라브4 하이브리드,"4,059~4,627만원",출시 2020년 9월
436,가솔린,2021 토요타 라브4,"3,600만원",출시 2020년 9월
437,가솔린,2021 스포티지,"2,376~3,190만원",출시 2020년 9월
438,가솔린,2021 쉐보레 콜로라도,"3,830~4,649만원",출시 2020년 9월
439,가솔린,2021 볼보 S90 플러그인 하이브리드,"8,540만원",출시 2020년 9월
440,가솔린,2021 볼보 S90,"6,030~7,090만원",출시 2020년 9월
441,가솔린,2021 롤스로이스 고스트,"47,100만원",출시 2020년 9월
442,가솔린,2021 렉서스 RX F 스포츠 하이브리드,"9,190만원",출시 2020년 9월
443,가솔린,2021 람보르기니 우루스,"25,990만원",출시 2020년 9월
444,가솔린,2020 포르쉐 마칸 GTS,"10,190만원",출시 2020년 9월
445,가솔린,2020 지프 글래디에이터,"6,990만원",출시 2020년 9월
446,가솔린,2020 메르세데스-벤츠 GLB클래스,"5,420~6,110만원",출시 2020년 9월
447,가솔린,2020 메르세데스-벤츠 GLA클래스,"5,910만원",출시 2020년 9월
448,가솔린,2020 링컨 에비에이터 플러그인 하이브리드,"9,850만원",출시 2020년 9월
449,가솔린,2021 카니발,"3,160~4,354만원",출시 2020년 8월
450,가솔린,2021 스팅어,"3,853~4,888만원",출시 2020년 8월
451,가솔린,2021 볼보 XC40,"4,670~5,130만원",출시 2020년 8월
452,가솔린,2021 볼보 V60 크로스 컨트리,"5,330~5,940만원",출시 2020년 8월
453,가솔린,2021 볼보 S60,"4,810~5,410만원",출시 2020년 8월
454,가솔린,2021 렉서스 RX 하이브리드,"8,500~9,760만원",출시 2020년 8월
455,가솔린,2021 렉서스 RX,"8,360만원",출시 2020년 8월
456,가솔린,2021 렉서스 ES 하이브리드,"6,110~6,710만원",출시 2020년 8월
457,가솔린,2021 BMW 5시리즈 플러그인 하이브리드,"7,880~8,160만원",출시 2020년 8월
458,가솔린,2020 포드 익스플로러 플러그인 하이브리드,"7,390만원",출시 2020년 8월
459,가솔린,2020 지프 그랜드 체로키,"6,290~8,340만원",출시 2020년 8월
460,가솔린,2020 아반떼 하이브리드,"2,199~2,814만원",출시 2020년 8월
461,가솔린,2020 람보르기니 우라칸 에보 스파이더,"32,890~38,940만원",출시 2020년 8월
462,가솔린,2020 BMW Z4,"6,570~9,020만원",출시 2020년 8월
463,가솔린,2020 BMW X7,"12,130~16,560만원",출시 2020년 8월
464,가솔린,2020 BMW X5 플러그인 하이브리드,"11,230~12,080만원",출시 2020년 8월
465,가솔린,2021 셀토스,"1,934~2,896만원",출시 2020년 7월
466,가솔린,2021 볼보 XC90 플러그인 하이브리드,"11,070만원",출시 2020년 7월
467,가솔린,2021 볼보 XC60 플러그인 하이브리드,"8,320만원",출시 2020년 7월
468,가솔린,2021 SM6,"2,401~3,422만원",출시 2020년 7월
469,가솔린,2021 G90L,"15,609만원",출시 2020년 7월
470,가솔린,2021 G90,"7,903~13,253만원",출시 2020년 7월
471,가솔린,2020 혼다 CR-V,"3,850~4,540만원",출시 2020년 7월
472,가솔린,2020 캐딜락 CT5,"5,428~5,921만원",출시 2020년 7월
473,가솔린,2020 캐딜락 CT4,"4,935만원",출시 2020년 7월
474,가솔린,2020 재규어 XE,"5,850~7,630만원",출시 2020년 7월
475,가솔린,2020 인피니티 Q50,"4,100~4,500만원",출시 2020년 7월
476,가솔린,2020 아우디 S8L,"20,500만원",출시 2020년 7월
477,가솔린,2020 쏘렌토 하이브리드,"3,534~4,388만원",출시 2020년 7월
478,가솔린,2020 미니 컨버터블 S,"5,040만원",출시 2020년 7월
479,가솔린,2020 미니 컨버터블,"4,590만원",출시 2020년 7월
480,가솔린,2020 링컨 컨티넨탈,"8,140~8,820만원",출시 2020년 7월
481,가솔린,2020 링컨 노틸러스,"5,910~6,680만원",출시 2020년 7월
482,가솔린,2020 링컨 MKZ 하이브리드,"5,815만원",출시 2020년 7월
483,가솔린,2020 링컨 MKZ,"5,715만원",출시 2020년 7월
484,가솔린,2020 레디컬 SR8,"18,930만원",출시 2020년 7월
485,가솔린,2020 레디컬 SR3 XX,정보없음,출시 2020년 7월
486,가솔린,2020 레디컬 SR1,"8,950만원",출시 2020년 7월
487,가솔린,2020 BMW 3시리즈 플러그인 하이브리드,"6,260~6,460만원",출시 2020년 7월
488,가솔린,2020 BMW 3시리즈 투어링,"5,590~8,200만원",출시 2020년 7월
489,가솔린,2021 쉐보레 스파크,"977~1,493만원",출시 2020년 6월
490,가솔린,2021 BMW X6 M,"16,710~19,000만원",출시 2020년 6월
491,가솔린,2021 BMW X5 M,"16,410~18,700만원",출시 2020년 6월
492,가솔린,2020 아우디 A5 카브리올레,"7,356만원",출시 2020년 6월
493,가솔린,2020 아우디 A5 스포트백,"6,325~6,326만원",출시 2020년 6월
494,가솔린,2020 아우디 A5,"6,473만원",출시 2020년 6월
495,가솔린,2020 아우디 A4,"4,853~5,884만원",출시 2020년 6월
496,가솔린,2020 싼타페,"2,975~4,212만원",출시 2020년 6월
497,가솔린,2020 렉서스 UX F 스포츠 하이브리드,"5,090만원",출시 2020년 6월
498,가솔린,2021 모닝,"1,175~1,480만원",출시 2020년 5월
499,가솔린,2021 렉서스 LC 하이브리드,"17,950만원",출시 2020년 5월
500,가솔린,2021 렉서스 LC,"16,950만원",출시 2020년 5월
501,가솔린,2020 팰리세이드,"3,606~5,568만원",출시 2020년 5월
502,가솔린,2020 지프 랭글러 2도어,"5,690만원",출시 2020년 5월
503,가솔린,2020 지프 랭글러,"5,090~6,340만원",출시 2020년 5월
504,가솔린,2020 아우디 Q5,"6,070~7,739만원",출시 2020년 5월
505,가솔린,2020 메르세데스-벤츠 GLS클래스,"13,860~16,360만원",출시 2020년 5월
506,가솔린,2020 링컨 코세어,"5,720만원",출시 2020년 5월
507,가솔린,2020 르노 캡처,"2,528~2,818만원",출시 2020년 5월
508,가솔린,2020 랜드로버 레인지로버 LWB,"22,397~31,467만원",출시 2020년 5월
509,가솔린,2020 랜드로버 레인지로버,"19,137~22,577만원",출시 2020년 5월
510,가솔린,2021 K9,"5,478~9,203만원",출시 2020년 4월
511,가솔린,2021 K3 GT,"2,243~2,513만원",출시 2020년 4월
512,가솔린,2021 K3,"1,757~2,140만원",출시 2020년 4월
513,가솔린,2020 티볼리,"1,683~2,814만원",출시 2020년 4월
514,가솔린,2020 코란도,"2,222~3,245만원",출시 2020년 4월
515,가솔린,2020 캐딜락 XT5,"6,793~7,582만원",출시 2020년 4월
516,가솔린,2020 재규어 XF,"7,147~7,670만원",출시 2020년 4월
517,가솔린,2020 아반떼,"1,570~2,779만원",출시 2020년 4월
518,가솔린,2020 쏘나타 하이브리드,"2,754~3,579만원",출시 2020년 4월
519,가솔린,2020 쏘나타,"2,386~3,642만원",출시 2020년 4월
520,가솔린,2020 벨로스터 N,"3,019~3,460만원",출시 2020년 4월
521,가솔린,2020 미니 해치백 S 5도어,"4,160~4,380만원",출시 2020년 4월
522,가솔린,2020 미니 해치백 S,"4,070~4,700만원",출시 2020년 4월
523,가솔린,2020 미니 해치백 5도어,"3,270~3,880만원",출시 2020년 4월
524,가솔린,2020 미니 해치백,"3,180~3,780만원",출시 2020년 4월
525,가솔린,2020 미니 클럽맨 JCW,"5,700~6,120만원",출시 2020년 4월
526,가솔린,2020 메르세데스-벤츠 S클래스,"13,460~20,960만원",출시 2020년 4월
527,가솔린,2020 메르세데스-벤츠 E클래스 쿠페,"7,210~9,690만원",출시 2020년 4월
528,가솔린,2020 메르세데스-벤츠 E클래스 카브리올레,"8,030~10,260만원",출시 2020년 4월
529,가솔린,2020 메르세데스-벤츠 C클래스 쿠페,"6,370만원",출시 2020년 4월
530,가솔린,2020 메르세데스-벤츠 C클래스 카브리올레,"6,890만원",출시 2020년 4월
531,가솔린,2020 메르세데스-벤츠 CLS클래스,"8,770~12,060만원",출시 2020년 4월
532,가솔린,2020 메르세데스-마이바흐 S클래스,"24,560~32,060만원",출시 2020년 4월
533,가솔린,2020 메르세데스-AMG S클래스,"24,660만원",출시 2020년 4월
534,가솔린,2020 메르세데스-AMG E클래스,"11,660~15,660만원",출시 2020년 4월
535,가솔린,2020 메르세데스-AMG C클래스 쿠페,"9,520~14,160만원",출시 2020년 4월
536,가솔린,2020 메르세데스-AMG C클래스,"8,640만원",출시 2020년 4월
537,가솔린,2020 메르세데스-AMG CLS클래스,"12,460만원",출시 2020년 4월
538,가솔린,2020 마세라티 콰트로포르테,"16,000~24,250만원",출시 2020년 4월
539,가솔린,2020 마세라티 르반떼,"12,900~22,380만원",출시 2020년 4월
540,가솔린,2020 마세라티 기블리,"11,800~15,700만원",출시 2020년 4월
541,가솔린,2020 링컨 에비에이터,"8,370~9,360만원",출시 2020년 4월
542,가솔린,2020 BMW X5,"9,880~14,650만원",출시 2020년 4월
543,가솔린,2020 BMW X4,"6,640~9,140만원",출시 2020년 4월
544,가솔린,2020 BMW X3,"6,410~8,910만원",출시 2020년 4월
545,가솔린,2020 BMW 6시리즈 그란투리스모,"8,010~10,090만원",출시 2020년 4월
546,가솔린,2021 쏘울 부스터,"1,958~2,351만원",출시 2020년 3월
547,가솔린,2020 혼다 오딧세이,"5,710만원",출시 2020년 3월
548,가솔린,2020 혼다 어코드 하이브리드,"4,470만원",출시 2020년 3월
549,가솔린,2020 혼다 어코드,"3,690~4,230만원",출시 2020년 3월
550,가솔린,2020 페라리 로마,"32,000만원",출시 2020년 3월
551,가솔린,2020 토요타 프리우스 C,"2,590만원",출시 2020년 3월
552,가솔린,2020 토요타 프리우스,"3,378~3,693만원",출시 2020년 3월
553,가솔린,2020 캐딜락 XT6,"8,391만원",출시 2020년 3월
554,가솔린,2020 캐딜락 CT6,"8,880~10,322만원",출시 2020년 3월
555,가솔린,2020 아우디 A7,"8,790~9,723만원",출시 2020년 3월
556,가솔린,2020 쏘렌토,"2,925~4,113만원",출시 2020년 3월
557,가솔린,2020 XM3,"1,763~2,597만원",출시 2020년 3월
558,가솔린,2020 G80,"5,291~6,214만원",출시 2020년 3월
559,가솔린,2020 BMW X3 플러그인 하이브리드,"7,410~7,820만원",출시 2020년 3월
560,가솔린,2020 BMW M8 그란쿠페,"23,550만원",출시 2020년 3월
561,가솔린,2020 포르쉐 911 카레라 카브리올레,"16,350~18,960만원",출시 2020년 2월
562,가솔린,2020 포르쉐 911 카레라,"14,790~17,400만원",출시 2020년 2월
563,가솔린,2020 페라리 F8 스파이더,"39,700만원",출시 2020년 2월
564,가솔린,2020 페라리 812 GTS,"51,500만원",출시 2020년 2월
565,가솔린,2020 토요타 캠리 하이브리드,"3,790~4,290만원",출시 2020년 2월
566,가솔린,2020 토요타 캠리,"3,620~3,710만원",출시 2020년 2월
567,가솔린,2020 애스턴마틴 DBX,"24,800만원",출시 2020년 2월
568,가솔린,2020 메르세데스-벤츠 C클래스 플러그인 하이브리드,"6,900만원",출시 2020년 2월
569,가솔린,2020 메르세데스-벤츠 C클래스,"5,920~6,310만원",출시 2020년 2월
570,가솔린,2020 메르세데스-벤츠 CLA클래스,"5,450만원",출시 2020년 2월
571,가솔린,2020 메르세데스-벤츠 A클래스 세단,"3,930~4,620만원",출시 2020년 2월
572,가솔린,2020 렉서스 RX 하이브리드,"8,100~9,540만원",출시 2020년 2월
573,가솔린,2020 렉서스 RX,"8,340만원",출시 2020년 2월
574,가솔린,2020 랜드로버 디스커버리 스포츠,"6,160~7,127만원",출시 2020년 2월
575,가솔린,2020 BMW 2시리즈 그란쿠페,"4,490~6,180만원",출시 2020년 2월
576,가솔린,2021 쉐보레 트레일블레이저,"1,959~2,780만원",출시 2020년 1월
577,가솔린,2020 토요타 GR 수프라,"7,380만원",출시 2020년 1월
578,가솔린,2020 코닉세그 제메라,정보없음,출시 2020년 1월
579,가솔린,2020 지프 체로키,"4,640~5,290만원",출시 2020년 1월
580,가솔린,2020 지프 레니게이드,"3,410~4,110만원",출시 2020년 1월
581,가솔린,2020 볼보 XC60 플러그인 하이브리드,"8,320만원",출시 2020년 1월
582,가솔린,2020 볼보 XC60,"6,260~7,540만원",출시 2020년 1월
583,가솔린,2020 볼보 V90 크로스 컨트리,"6,770~7,690만원",출시 2020년 1월
584,가솔린,2020 볼보 V60 크로스 컨트리,"5,280~5,890만원",출시 2020년 1월
585,가솔린,2020 볼보 S90,"6,030~6,890만원",출시 2020년 1월
586,가솔린,2020 볼보 S60,"4,760~5,360만원",출시 2020년 1월
587,가솔린,2020 미니 컨트리맨 JCW,"6,050만원",출시 2020년 1월
588,가솔린,2020 메르세데스-벤츠 GLC클래스,"6,840~7,810만원",출시 2020년 1월
589,가솔린,2020 메르세데스-벤츠 GLC 쿠페,"7,260~8,200만원",출시 2020년 1월
590,가솔린,2020 렉서스 RC F 스포츠,"7,040~8,260만원",출시 2020년 1월
591,가솔린,2020 렉서스 NX 하이브리드,"5,860~6,570만원",출시 2020년 1월
592,가솔린,2020 렉서스 NX F 스포츠,"6,400만원",출시 2020년 1월
593,가솔린,2020 렉서스 NX,"5,810~6,500만원",출시 2020년 1월
594,가솔린,2020 렉서스 LS 하이브리드,"14,940~17,100만원",출시 2020년 1월
595,가솔린,2020 렉서스 LS,"12,470~14,840만원",출시 2020년 1월
596,가솔린,2020 렉서스 LC 하이브리드,"17,860만원",출시 2020년 1월
597,가솔린,2020 렉서스 LC,"16,870만원",출시 2020년 1월
598,가솔린,2020 렉서스 IS F 스포츠,"5,800만원",출시 2020년 1월
599,가솔린,2020 렉서스 IS,"4,720~5,310만원",출시 2020년 1월
600,가솔린,2020 렉서스 ES 하이브리드,"5,750~6,680만원",출시 2020년 1월
601,가솔린,2020 렉서스 CT 하이브리드,"4,092만원",출시 2020년 1월
602,가솔린,2020 렉서스 CT F 스포츠 하이브리드,"4,566만원",출시 2020년 1월
603,가솔린,2020 람보르기니 우루스,"25,600만원",출시 2020년 1월
604,가솔린,2020 GV80,"6,067~6,951만원",출시 2020년 1월
605,가솔린,2020 BMW 1시리즈,"3,920~4,940만원",출시 2020년 1월
606,가솔린,2020 애스턴마틴 발할라,정보없음,출시 2020년
607,가솔린,2020 롤스로이스 컬리넌 블랙배지,"53,900만원",출시 2020년
608,가솔린,2020 아우디 A8L,"14,439~19,052만원",출시 2019년 12월
609,가솔린,2020 메르세데스-벤츠 S클래스 플러그인 하이브리드,"20,060만원",출시 2019년 12월
610,가솔린,2020 레이,"1,260~1,570만원",출시 2019년 12월
611,가솔린,2020 K5 하이브리드,"2,749~3,327만원",출시 2019년 12월
612,가솔린,2020 K5,"2,351~3,141만원",출시 2019년 12월
613,가솔린,2020 BMW X6,"10,560~15,200만원",출시 2019년 12월
614,가솔린,2020 BMW X2,"5,040~6,010만원",출시 2019년 12월
615,가솔린,2020 BMW 5시리즈 플러그인 하이브리드,"8,140~8,420만원",출시 2019년 12월
616,가솔린,2020 BMW 3시리즈,"5,020~8,150만원",출시 2019년 12월
617,가솔린,2019 인피니티 QX60,"5,847~6,277만원",출시 2019년 12월
618,가솔린,2020 포드 익스플로러,"6,010만원",출시 2019년 11월
619,가솔린,2020 메르세데스-벤츠 E클래스 하이브리드,"8,410만원",출시 2019년 11월
620,가솔린,2020 메르세데스-벤츠 E클래스,"6,300~10,260만원",출시 2019년 11월
621,가솔린,2020 메르세데스-마이바흐 S클래스 풀만,"93,560만원",출시 2019년 11월
622,가솔린,2020 메르세데스-AMG GT 4도어 쿠페,"13,660~24,960만원",출시 2019년 11월
623,가솔린,2020 그랜저 하이브리드,"3,669~4,489만원",출시 2019년 11월
624,가솔린,2020 그랜저,"3,294~4,349만원",출시 2019년 11월
625,가솔린,2020 G90L,"15,657만원",출시 2019년 11월
626,가솔린,2020 G90,"7,707~11,957만원",출시 2019년 11월
627,가솔린,2020 BMW X1,"4,750~5,600만원",출시 2019년 11월
628,가솔린,2020 BMW M8,"23,840만원",출시 2019년 11월
629,가솔린,2020 BMW 8시리즈 그란쿠페,"13,430~13,650만원",출시 2019년 11월
630,가솔린,2020 BMW 8시리즈,"13,810만원",출시 2019년 11월
631,가솔린,2019 페라리 SF90 스트라달레,"64,000만원",출시 2019년 11월
632,가솔린,2020 투싼,"2,255~3,293만원",출시 2019년 10월
633,가솔린,2020 카니발 하이리무진,"4,435~5,976만원",출시 2019년 10월
634,가솔린,2020 아우디 A6,"6,385~8,496만원",출시 2019년 10월
635,가솔린,2020 볼보 XC90 플러그인 하이브리드,"11,020~13,780만원",출시 2019년 10월
636,가솔린,2020 볼보 XC90,"8,030~9,550만원",출시 2019년 10월
637,가솔린,2020 미니 클럽맨 S,"4,680~5,050만원",출시 2019년 10월
638,가솔린,2020 미니 클럽맨,"3,580~4,340만원",출시 2019년 10월
639,가솔린,2020 G70,"3,848~5,620만원",출시 2019년 10월
640,가솔린,2020 BMW X3 M,"10,550~11,290만원",출시 2019년 10월
641,가솔린,2020 BMW 5시리즈,"6,330~10,010만원",출시 2019년 10월
642,가솔린,2019 아우디 A3 세단,"3,967만원",출시 2019년 10월
643,가솔린,2020 카니발,"2,880~3,977만원",출시 2019년 9월
644,가솔린,2020 쉐보레 트래버스,"4,520~5,522만원",출시 2019년 9월
645,가솔린,2020 메르세데스-벤츠 GLE클래스,"9,270~11,640만원",출시 2019년 9월
646,가솔린,2020 메르세데스-벤츠 A클래스,"3,850만원",출시 2019년 9월
647,가솔린,2020 메르세데스-AMG G클래스,"21,660만원",출시 2019년 9월
648,가솔린,2020 맥라렌 GT,"28,200만원",출시 2019년 9월
649,가솔린,2020 동풍소콘 펜곤 ix5,"2,380만원",출시 2019년 9월
650,가솔린,2020 BMW X4 M,"10,800~12,060만원",출시 2019년 9월
651,가솔린,2019 닛산 맥시마,"4,520만원",출시 2019년 9월
652,가솔린,2020 코나 하이브리드,"2,270~2,611만원",출시 2019년 8월
653,가솔린,2020 코나,"1,914~2,624만원",출시 2019년 8월
654,가솔린,2020 스포티지,"2,342~3,172만원",출시 2019년 8월
655,가솔린,2020 쉐보레 콜로라도,"3,855~4,350만원",출시 2019년 8월
656,가솔린,2019 아우디 A5 카브리올레,"7,400만원",출시 2019년 8월
657,가솔린,2019 아우디 A5 스포트백,"6,350만원",출시 2019년 8월
658,가솔린,2019 아우디 A5,"6,500만원",출시 2019년 8월
659,가솔린,2019 쉐보레 말리부 하이브리드,"3,509~3,674만원",출시 2019년 8월
660,가솔린,2019 벤틀리 컨티넨탈 GT 컨버터블,정보없음,출시 2019년 8월
661,가솔린,2019 벤틀리 컨티넨탈 GT,"32,900만원",출시 2019년 8월
662,가솔린,2019 메르세데스-벤츠 C클래스 카브리올레,"5,910만원",출시 2019년 8월
663,가솔린,2019 메르세데스-AMG S클래스 쿠페,"22,760만원",출시 2019년 8월
664,가솔린,2019 메르세데스-AMG S클래스 카브리올레,"24,380만원",출시 2019년 8월
665,가솔린,2019 메르세데스-AMG CLS클래스,"12,300~13,310만원",출시 2019년 8월
666,가솔린,2020 람보르기니 우라칸 에보,"29,900~34,540만원",출시 2019년 7월
667,가솔린,2019 포르쉐 파나메라 GTS,"20,660만원",출시 2019년 7월
668,가솔린,2019 아우디 Q7,"7,990만원",출시 2019년 7월
669,가솔린,2019 쏘나타 하이브리드,"2,754~3,579만원",출시 2019년 7월
670,가솔린,2019 셀토스,"1,881~2,865만원",출시 2019년 7월
671,가솔린,2019 베뉴,"1,473~2,111만원",출시 2019년 7월
672,가솔린,2019 닛산 알티마,"2,910~4,080만원",출시 2019년 7월
673,가솔린,2020 포르쉐 카이엔 쿠페,"12,020~18,420만원",출시 2019년 6월
674,가솔린,2020 랜드로버 레인지로버 이보크,"6,657~8,087만원",출시 2019년 6월
675,가솔린,2020 QM6,"2,376~3,859만원",출시 2019년 6월
676,가솔린,2020 K7 하이브리드,"3,599~3,975만원",출시 2019년 6월
677,가솔린,2020 K7,"3,094~3,799만원",출시 2019년 6월
678,가솔린,2020 BMW 7시리즈 플러그인 하이브리드,"14,680~16,490만원",출시 2019년 6월
679,가솔린,2020 BMW 7시리즈,"13,710~23,653만원",출시 2019년 6월
680,가솔린,2019 티볼리,"1,637~2,654만원",출시 2019년 6월
681,가솔린,2019 토요타 프리우스,"3,280만원",출시 2019년 6월
682,가솔린,2019 메르세데스-AMG C클래스 카브리올레,"9,230~12,640만원",출시 2019년 6월
683,가솔린,2019 맥라렌 720S 스파이더,"38,500만원",출시 2019년 6월
684,가솔린,2019 렉서스 RC F 스포츠,"6,890~8,120만원",출시 2019년 6월
685,가솔린,2019 렉서스 RC F,"12,130만원",출시 2019년 6월
686,가솔린,2019 렉서스 NX 하이브리드,"5,770~6,490만원",출시 2019년 6월
687,가솔린,2020 스팅어,"3,524~5,227만원",출시 2019년 5월
688,가솔린,2020 SM6,"2,346~3,212만원",출시 2019년 5월
689,가솔린,2019 혼다 HR-V,"3,190만원",출시 2019년 5월
690,가솔린,2019 포르쉐 911 카레라 카브리올레,"15,900~18,680만원",출시 2019년 5월
691,가솔린,2019 포르쉐 911 카레라,"14,240~17,030만원",출시 2019년 5월
692,가솔린,2019 토요타 라브4 하이브리드,"4,050~4,690만원",출시 2019년 5월
693,가솔린,2019 토요타 라브4,"3,590만원",출시 2019년 5월
694,가솔린,2019 인피니티 Q50 하이브리드,"5,760~6,260만원",출시 2019년 5월
695,가솔린,2019 아반떼,"1,376~2,454만원",출시 2019년 5월
696,가솔린,2019 싼타페,"2,628~4,022만원",출시 2019년 5월
697,가솔린,2019 링컨 노틸러스,"5,910~6,680만원",출시 2019년 5월
698,가솔린,2019 람보르기니 우루스,"25,000만원",출시 2019년 5월
699,가솔린,2020 K9,"5,377~9,207만원",출시 2019년 4월
700,가솔린,2019 지프 레니게이드,"3,390~4,340만원",출시 2019년 4월
701,가솔린,2019 지프 랭글러 2도어,"4,640~5,540만원",출시 2019년 4월
702,가솔린,2019 지프 랭글러,"4,940~6,190만원",출시 2019년 4월
703,가솔린,2019 메르세데스-벤츠 GLC 쿠페,"7,490~8,400만원",출시 2019년 4월
704,가솔린,2019 메르세데스-벤츠 C클래스 플러그인 하이브리드,"6,400~6,490만원",출시 2019년 4월
705,가솔린,2019 BMW Z4,"6,500~8,980만원",출시 2019년 4월
706,가솔린,2019 혼다 시빅 스포츠,"3,290만원",출시 2019년 3월
707,가솔린,2019 캐딜락 CT6,"8,880~10,322만원",출시 2019년 3월
708,가솔린,2019 쏘나타,"2,288~3,287만원",출시 2019년 3월
709,가솔린,2019 볼보 S90 플러그인 하이브리드,"9,900만원",출시 2019년 3월
710,가솔린,2019 메르세데스-벤츠 E클래스 쿠페,"7,350~9,690만원",출시 2019년 3월
711,가솔린,2019 맥라렌 600LT 스파이더,"31,500만원",출시 2019년 3월
712,가솔린,2019 렉서스 UX 하이브리드,"4,510~5,410만원",출시 2019년 3월
713,가솔린,2019 니로 하이브리드,"2,420~2,993만원",출시 2019년 3월
714,가솔린,2019 니로 플러그인 하이브리드,"3,438~3,651만원",출시 2019년 3월
715,가솔린,2019 SM7,"2,535~3,302만원",출시 2019년 3월
716,가솔린,2019 K5 하이브리드,"2,848~3,330만원",출시 2019년 3월
717,가솔린,2019 K5,"2,225~3,132만원",출시 2019년 3월
718,가솔린,2019 BMW 3시리즈,"5,320~7,500만원",출시 2019년 3월
719,가솔린,2019 코란도,"2,162~2,949만원",출시 2019년 2월
720,가솔린,2019 캐딜락 에스컬레이드,"12,980~13,870만원",출시 2019년 2월
721,가솔린,2019 인피니티 QX50,"5,127~6,277만원",출시 2019년 2월
722,가솔린,2019 애스턴마틴 DBS 슈퍼레제라,"38,500만원",출시 2019년 2월
723,가솔린,2019 G90L,"15,511만원",출시 2019년 2월
724,가솔린,2019 BMW 6시리즈 그란투리스모,"8,060~10,090만원",출시 2019년 2월
725,가솔린,2019 혼다 어코드 하이브리드,"4,540만원",출시 2019년 1월
726,가솔린,2019 혼다 어코드,"3,740~4,290만원",출시 2019년 1월
727,가솔린,2019 혼다 CR-V,"3,740~4,360만원",출시 2019년 1월
728,가솔린,2019 포르쉐 파나메라,"14,030~17,090만원",출시 2019년 1월
729,가솔린,2019 포르쉐 카이엔,"11,120~17,100만원",출시 2019년 1월
730,가솔린,2019 포르쉐 마칸,"7,640만원",출시 2019년 1월
731,가솔린,2019 토요타 캠리 하이브리드,"3,740~4,220만원",출시 2019년 1월
732,가솔린,2019 코나,"2,945~3,122만원",출시 2019년 1월
733,가솔린,2019 인피니티 Q60,"6,827만원",출시 2019년 1월
734,가솔린,2019 애스턴마틴 밴티지,"19,800만원",출시 2019년 1월
735,가솔린,2019 아이오닉 하이브리드,"2,242~2,693만원",출시 2019년 1월
736,가솔린,2019 아이오닉 플러그인 하이브리드,"3,134~3,383만원",출시 2019년 1월
737,가솔린,2019 아우디 R8,"24,557만원",출시 2019년 1월
738,가솔린,2019 아우디 A6,"5,939~6,727만원",출시 2019년 1월
739,가솔린,2019 아우디 A4,"4,706~5,613만원",출시 2019년 1월
740,가솔린,2019 쏘울 부스터,"1,867~2,288만원",출시 2019년 1월
741,가솔린,2019 스마트 포투,"3,400만원",출시 2019년 1월
742,가솔린,2019 모닝,"965~1,589만원",출시 2019년 1월
743,가솔린,2019 메르세데스-벤츠 S클래스,"13,320~20,960만원",출시 2019년 1월
744,가솔린,2019 메르세데스-마이바흐 S클래스,"24,560~31,540만원",출시 2019년 1월
745,가솔린,2019 렉서스 LS 하이브리드,"14,920~17,070만원",출시 2019년 1월
746,가솔린,2019 렉서스 LS,"12,460~14,820만원",출시 2019년 1월
747,가솔린,2019 렉서스 IS F 스포츠,"5,800만원",출시 2019년 1월
748,가솔린,2019 렉서스 IS,"4,720~5,300만원",출시 2019년 1월
749,가솔린,2019 렉서스 CT 하이브리드,"4,080만원",출시 2019년 1월
750,가솔린,2019 렉서스 CT F 스포츠 하이브리드,"4,560만원",출시 2019년 1월
751,가솔린,2019 랜드로버 레인지로버 스포츠 SVR,"19,147만원",출시 2019년 1월
752,가솔린,2019 랜드로버 레인지로버 스포츠,"13,237~15,437만원",출시 2019년 1월
753,가솔린,2019 랜드로버 레인지로버 벨라,"9,587~12,187만원",출시 2019년 1월
754,가솔린,2019 랜드로버 레인지로버 LWB,"21,987~31,107만원",출시 2019년 1월
755,가솔린,2019 랜드로버 레인지로버,"18,767~26,717만원",출시 2019년 1월
756,가솔린,2020 동풍소콘 C32,"1,350만원",출시 2019년
757,가솔린,2019 페라리 F8 트리뷰토,"35,200만원",출시 2019년
758,가솔린,2019 캐딜락 XT5,"6,680~7,480만원",출시 2019년
759,가솔린,2019 캐딜락 CTS,"5,517~7,088만원",출시 2019년
760,가솔린,2019 마세라티 콰트로포르테,"16,200~24,000만원",출시 2019년
761,가솔린,2019 마세라티 르반떼,"13,200~22,700만원",출시 2019년
762,가솔린,2019 마세라티 기블리,"11,640~14,700만원",출시 2019년
763,가솔린,2019 람보르기니 아벤타도르 SVJ 로드스터,"75,847만원",출시 2019년
764,가솔린,2019 람보르기니 아벤타도르 SVJ,"69,141만원",출시 2019년
765,가솔린,2019 동풍소콘 C35,"1,490~1,560만원",출시 2019년
766,가솔린,2019 동풍소콘 C31,"1,250만원",출시 2019년
767,가솔린,2019 닛산 370Z,"5,150만원",출시 2019년
768,가솔린,2019 BMW X7,"12,120~16,270만원",출시 2019년
769,가솔린,2019 BMW X4,"6,600~9,250만원",출시 2019년
770,가솔린,2019 혼다 파일럿,"5,570~6,030만원",출시 2018년 12월
771,가솔린,2019 포르쉐 파나메라 E-하이브리드,"16,310만원",출시 2018년 12월
772,가솔린,2019 포르쉐 카이맨 GTS,"11,080만원",출시 2018년 12월
773,가솔린,2019 포르쉐 카이맨,"8,640~9,830만원",출시 2018년 12월
774,가솔린,2019 포르쉐 박스터 GTS,"11,560만원",출시 2018년 12월
775,가솔린,2019 포르쉐 박스터,"8,960~10,130만원",출시 2018년 12월
776,가솔린,2019 팰리세이드,"3,397~4,347만원",출시 2018년 12월
777,가솔린,2019 토요타 캠리,"3,560만원",출시 2018년 12월
778,가솔린,2019 재규어 F-타입 쿠페,"9,825~13,925만원",출시 2018년 12월
779,가솔린,2019 재규어 F-타입 SVR 쿠페,"22,380만원",출시 2018년 12월
780,가솔린,2019 재규어 F-타입 SVR,"22,909만원",출시 2018년 12월
781,가솔린,2019 재규어 F-타입,"10,354~14,454만원",출시 2018년 12월
782,가솔린,2019 재규어 E-페이스,"5,520~6,470만원",출시 2018년 12월
783,가솔린,2019 인피니티 QX30,"4,360~4,810만원",출시 2018년 12월
784,가솔린,2019 인피니티 Q30,"3,270~4,310만원",출시 2018년 12월
785,가솔린,2019 애스턴마틴 DB11 볼란테,"27,900만원",출시 2018년 12월
786,가솔린,2019 애스턴마틴 DB11,"25,900~29,500만원",출시 2018년 12월
787,가솔린,2019 쉐보레 카마로,"5,356~5,436만원",출시 2018년 12월
788,가솔린,2019 북기은상 CK 미니 밴,"1,175만원",출시 2018년 12월
789,가솔린,2019 미니 컨트리맨 JCW,"5,920만원",출시 2018년 12월
790,가솔린,2019 메르세데스-벤츠 SL클래스,"13,290만원",출시 2018년 12월
791,가솔린,2019 메르세데스-벤츠 GLS클래스,"15,030만원",출시 2018년 12월
792,가솔린,2019 메르세데스-벤츠 E클래스 카브리올레,"7,820~10,400만원",출시 2018년 12월
793,가솔린,2019 메르세데스-벤츠 E클래스,"6,350~10,160만원",출시 2018년 12월
794,가솔린,2019 맥라렌 720S,"35,900만원",출시 2018년 12월
795,가솔린,2019 맥라렌 600LT,"29,900만원",출시 2018년 12월
796,가솔린,2019 맥라렌 570S 스파이더,"28,400만원",출시 2018년 12월
797,가솔린,2019 K7 하이브리드,"3,532~3,952만원",출시 2018년 12월
798,가솔린,2019 K7,"2,828~3,969만원",출시 2018년 12월
799,가솔린,2019 BMW i8 로드스터,"21,990~22,370만원",출시 2018년 12월
800,가솔린,2019 BMW X5 M,"16,000만원",출시 2018년 12월
801,가솔린,2019 BMW X3,"6,400~8,500만원",출시 2018년 12월
802,가솔린,2019 BMW X1,"4,730~5,500만원",출시 2018년 12월
803,가솔린,2019 BMW M5,"14,710~16,760만원",출시 2018년 12월
804,가솔린,2019 BMW M4,"11,780~14,890만원",출시 2018년 12월
805,가솔린,2019 BMW M3,"11,640~14,240만원",출시 2018년 12월
806,가솔린,2019 BMW M2,"7,510~7,900만원",출시 2018년 12월
807,가솔린,2019 BMW 5시리즈,"6,330~12,220만원",출시 2018년 12월
808,가솔린,2019 BMW 4시리즈 컨버터블,"7,650만원",출시 2018년 12월
809,가솔린,2019 BMW 4시리즈 그란쿠페,"5,800~6,250만원",출시 2018년 12월
810,가솔린,2019 BMW 4시리즈,"5,720~6,610만원",출시 2018년 12월
811,가솔린,2018 메르세데스-AMG GLA클래스,"7,310만원",출시 2018년 12월
812,가솔린,2018 메르세데스-AMG CLA클래스,"6,830만원",출시 2018년 12월
813,가솔린,2018 BMW 7시리즈 플러그인 하이브리드,"14,490만원",출시 2018년 12월
814,가솔린,2018 BMW 7시리즈,"13,860~22,210만원",출시 2018년 12월
815,가솔린,2019 페라리 488 피스타 스파이더,"47,800만원",출시 2018년 11월
816,가솔린,2019 페라리 488 피스타,"43,500만원",출시 2018년 11월
817,가솔린,2019 토요타 아발론 하이브리드,"4,702만원",출시 2018년 11월
818,가솔린,2019 지프 그랜드 체로키,"6,290~8,240만원",출시 2018년 11월
819,가솔린,2019 쉐보레 말리부,"2,364~3,279만원",출시 2018년 11월
820,가솔린,2019 메르세데스-벤츠 C클래스,"5,130~6,140만원",출시 2018년 11월
821,가솔린,2019 메르세데스-벤츠 CLS클래스,"8,610~10,850만원",출시 2018년 11월
822,가솔린,2019 G90,"7,706~11,878만원",출시 2018년 11월
823,가솔린,2019 BMW X2,"5,120~6,190만원",출시 2018년 11월
824,가솔린,2020 K3,"1,543~2,145만원",출시 2018년 10월
825,가솔린,2019 토요타 시에나,"5,520~5,800만원",출시 2018년 10월
826,가솔린,2019 쉐보레 임팔라,"3,350~4,361만원",출시 2018년 10월
827,가솔린,2019 렉서스 ES 하이브리드,"5,710~6,640만원",출시 2018년 10월
828,가솔린,2019 그랜저 하이브리드,"3,576~3,993만원",출시 2018년 10월
829,가솔린,2019 그랜저,"3,086~4,270만원",출시 2018년 10월
830,가솔린,2019 i30,"1,855~2,556만원",출시 2018년 10월
831,가솔린,2019 K3 GT,"1,943~2,403만원",출시 2018년 10월
832,가솔린,2019 G70,"3,701~5,473만원",출시 2018년 10월
833,가솔린,2019 티볼리 에어,"1,876~2,661만원",출시 2018년 9월
834,가솔린,2019 메르세데스-벤츠 GLC클래스 플러그인 하이브리드,"6,790~8,390만원",출시 2018년 9월
835,가솔린,2019 링컨 MKC,"5,230만원",출시 2018년 9월
836,가솔린,2018 인피니티 Q50 하이브리드,"5,710~6,210만원",출시 2018년 9월
837,가솔린,2018 아반떼,"1,404~2,454만원",출시 2018년 9월
838,가솔린,2019 포드 머스탱 컨버터블,"5,390~6,940만원",출시 2018년 8월
839,가솔린,2019 포드 머스탱,"4,820~6,450만원",출시 2018년 8월
840,가솔린,2019 스토닉,"1,625~2,165만원",출시 2018년 8월
841,가솔린,2019 G80,"4,847~7,337만원",출시 2018년 8월
842,가솔린,2018 폭스바겐 파사트,"3,613만원",출시 2018년 8월
843,가솔린,2018 투싼,"2,351~3,161만원",출시 2018년 8월
844,가솔린,2018 지프 랭글러,"4,940~6,340만원",출시 2018년 8월
845,가솔린,2018 아우디 A3 세단,"3,950~4,350만원",출시 2018년 8월
846,가솔린,2019 카니발 하이리무진,"4,415~5,987만원",출시 2018년 7월
847,가솔린,2019 스포티지,"2,120~3,244만원",출시 2018년 7월
848,가솔린,2019 미니 해치백 S 5도어,"4,160~4,380만원",출시 2018년 7월
849,가솔린,2019 미니 해치백 S,"4,070~4,280만원",출시 2018년 7월
850,가솔린,2019 미니 해치백 5도어,"3,270~4,090만원",출시 2018년 7월
851,가솔린,2019 미니 해치백,"3,180~3,990만원",출시 2018년 7월
852,가솔린,2019 미니 클럽맨 JCW,"5,520만원",출시 2018년 7월
853,가솔린,2019 미니 컨버터블,"4,330만원",출시 2018년 7월
854,가솔린,2018 지프 컴패스,"4,190~4,790만원",출시 2018년 7월
855,가솔린,2018 미니 해치백 JCW,"4,980만원",출시 2018년 7월
856,가솔린,2018 미니 컨트리맨 S,"5,070만원",출시 2018년 7월
857,가솔린,2018 미니 컨트리맨,"3,940~4,730만원",출시 2018년 7월
858,가솔린,2018 미니 컨버터블 S,"4,830만원",출시 2018년 7월
859,가솔린,2018 미니 컨버터블 JCW,"5,460만원",출시 2018년 7월
860,가솔린,2019 쉐보레 트랙스,"1,792~2,466만원",출시 2018년 6월
861,가솔린,2019 롤스로이스 컬리넌,"46,900만원",출시 2018년 6월
862,가솔린,2018 볼보 XC40,"4,620~5,080만원",출시 2018년 6월
863,가솔린,2018 i40 살룬,"2,502~2,825만원",출시 2018년 6월
864,가솔린,2018 i40,"2,576~2,806만원",출시 2018년 6월
865,가솔린,2019 스팅어,"3,514~5,193만원",출시 2018년 5월
866,가솔린,2019 쉐보레 스파크,"977~1,493만원",출시 2018년 5월
867,가솔린,2019 QM6,"2,435~3,519만원",출시 2018년 5월
868,가솔린,2019 BMW i8,"19,820만원",출시 2018년 5월
869,가솔린,2018 혼다 어코드 하이브리드,"4,240~4,540만원",출시 2018년 5월
870,가솔린,2018 혼다 어코드,"3,590~4,230만원",출시 2018년 5월
871,가솔린,2018 엑센트 위트,"1,396~1,928만원",출시 2018년 5월
872,가솔린,2018 엑센트,"1,138~1,913만원",출시 2018년 5월
873,가솔린,2018 메르세데스-벤츠 E클래스 카브리올레,"9,800만원",출시 2018년 5월
874,가솔린,2018 렉서스 LS,"12,440~14,800만원",출시 2018년 5월
875,가솔린,2018 닛산 맥시마,"4,430만원",출시 2018년 5월
876,가솔린,2019 지프 체로키,"4,490~5,890만원",출시 2018년 4월
877,가솔린,2019 쏘렌토,"2,763~3,774만원",출시 2018년 4월
878,가솔린,2018 포르쉐 마칸,"7,560만원",출시 2018년 4월
879,가솔린,2018 포드 머스탱 컨버터블,"5,310~6,840만원",출시 2018년 4월
880,가솔린,2018 포드 머스탱,"4,740~6,350만원",출시 2018년 4월
881,가솔린,2018 인피니티 Q60,"6,870만원",출시 2018년 4월
882,가솔린,2018 쉐보레 볼트 플러그인 하이브리드,"3,636만원",출시 2018년 4월
883,가솔린,2018 메르세데스-벤츠 GLC클래스 플러그인 하이브리드,"6,700~7,490만원",출시 2018년 4월
884,가솔린,2018 메르세데스-벤츠 CLA클래스,"4,530~5,220만원",출시 2018년 4월
885,가솔린,2018 메르세데스-벤츠 B클래스,"4,230~4,300만원",출시 2018년 4월
886,가솔린,2018 랜드로버 레인지로버 스포츠 SVR,"18,800만원",출시 2018년 4월
887,가솔린,2018 랜드로버 레인지로버 스포츠,"13,170~15,340만원",출시 2018년 4월
888,가솔린,2018 랜드로버 레인지로버 LWB,"21,800~30,800만원",출시 2018년 4월
889,가솔린,2018 랜드로버 레인지로버,"18,510~26,470만원",출시 2018년 4월
890,가솔린,2018 EQ900L,"15,118만원",출시 2018년 4월
891,가솔린,2018 EQ900,"7,363~11,584만원",출시 2018년 4월
892,가솔린,2019 카니발,"2,880~4,035만원",출시 2018년 3월
893,가솔린,2019 재규어 XF,"5,990~9,600만원",출시 2018년 3월
894,가솔린,2019 재규어 XE,"5,200~7,650만원",출시 2018년 3월
895,가솔린,2019 SM6,"2,268~3,210만원",출시 2018년 3월
896,가솔린,2018 페라리 포르토피노,"29,900만원",출시 2018년 3월
897,가솔린,2018 토요타 프리우스 C,"2,490만원",출시 2018년 3월
898,가솔린,2018 토요타 시에나,"5,370~5,640만원",출시 2018년 3월
899,가솔린,2018 지프 레니게이드,"3,390~4,340만원",출시 2018년 3월
900,가솔린,2018 인피니티 QX60 하이브리드,"6,900만원",출시 2018년 3월
901,가솔린,2018 인피니티 QX60,"5,920~6,220만원",출시 2018년 3월
902,가솔린,2018 아이오닉 하이브리드,"2,200~2,608만원",출시 2018년 3월
903,가솔린,2018 아이오닉 플러그인 하이브리드,"3,183~3,360만원",출시 2018년 3월
904,가솔린,2018 아우디 A6,"5,939~6,728만원",출시 2018년 3월
905,가솔린,2018 쏘나타 하이브리드,"2,854~3,299만원",출시 2018년 3월
906,가솔린,2018 쏘나타 플러그인 하이브리드,"3,885~4,205만원",출시 2018년 3월
907,가솔린,2018 쏘나타,"2,219~3,233만원",출시 2018년 3월
908,가솔린,2018 볼보 XC90 플러그인 하이브리드,"11,020~13,780만원",출시 2018년 3월
909,가솔린,2018 볼보 XC90,"8,030~9,550만원",출시 2018년 3월
910,가솔린,2018 메르세데스-AMG GT,"17,150~21,000만원",출시 2018년 3월
911,가솔린,2018 마세라티 그란투리스모,"21,900~23,400만원",출시 2018년 3월
912,가솔린,2018 마세라티 그란카브리오,"24,100~25,400만원",출시 2018년 3월
913,가솔린,2018 롤스로이스 던 블랙배지,"51,900만원",출시 2018년 3월
914,가솔린,2018 레디컬 SR8,"18,930만원",출시 2018년 3월
915,가솔린,2018 레디컬 SR3,"12,950만원",출시 2018년 3월
916,가솔린,2018 레디컬 SR1,정보없음,출시 2018년 3월
917,가솔린,2018 레디컬 RXC 스파이더,"21,900만원",출시 2018년 3월
918,가솔린,2018 레디컬 RXC GT3,"34,000만원",출시 2018년 3월
919,가솔린,2018 레디컬 RXC 600R,"25,550만원",출시 2018년 3월
920,가솔린,2018 K9,"5,389~9,159만원",출시 2018년 3월
921,가솔린,2019 K3,"1,561~2,179만원",출시 2018년 2월
922,가솔린,2018 포드 토러스,"4,440만원",출시 2018년 2월
923,가솔린,2018 싼타페,"2,763~4,231만원",출시 2018년 2월
924,가솔린,2018 메르세데스-AMG C클래스 쿠페,"12,050~13,830만원",출시 2018년 2월
925,가솔린,2018 링컨 MKZ 하이브리드,"4,837~5,762만원",출시 2018년 2월
926,가솔린,2018 링컨 MKZ,"5,805만원",출시 2018년 2월
927,가솔린,2018 BMW 6시리즈 그란투리스모,"9,190~10,040만원",출시 2018년 2월
928,가솔린,2019 캐딜락 CTS-V,"12,137만원",출시 2018년 1월
929,가솔린,2019 캐딜락 ATS 쿠페,"5,286만원",출시 2018년 1월
930,가솔린,2019 캐딜락 ATS-V,"8,020~9,024만원",출시 2018년 1월
931,가솔린,2019 캐딜락 ATS,"4,406~5,788만원",출시 2018년 1월
932,가솔린,2019 재규어 XJ,"12,810~16,540만원",출시 2018년 1월
933,가솔린,2018 포르쉐 911 터보 카브리올레,"24,740~28,080만원",출시 2018년 1월
934,가솔린,2018 포르쉐 911 터보,"23,230~26,570만원",출시 2018년 1월
935,가솔린,2018 포르쉐 911 타르가 GTS,"19,660만원",출시 2018년 1월
936,가솔린,2018 포르쉐 911 타르가,"16,100~17,800만원",출시 2018년 1월
937,가솔린,2018 포르쉐 911 카레라 카브리올레,"15,230~17,800만원",출시 2018년 1월
938,가솔린,2018 포르쉐 911 카레라 GTS 카브리올레,"18,790~19,660만원",출시 2018년 1월
939,가솔린,2018 포르쉐 911 카레라 GTS,"17,280~18,150만원",출시 2018년 1월
940,가솔린,2018 포르쉐 911 카레라,"13,720~16,290만원",출시 2018년 1월
941,가솔린,2018 포드 익스플로러,"5,460~5,710만원",출시 2018년 1월
942,가솔린,2018 토요타 아발론,"4,730만원",출시 2018년 1월
943,가솔린,2018 토요타 라브4 하이브리드,"4,260만원",출시 2018년 1월
944,가솔린,2018 토요타 라브4,"3,460~3,950만원",출시 2018년 1월
945,가솔린,2018 캐딜락 CTS,"5,517~7,088만원",출시 2018년 1월
946,가솔린,2018 인피니티 Q70,"5,730~6,890만원",출시 2018년 1월
947,가솔린,2018 벨로스터,"2,096~2,635만원",출시 2018년 1월
948,가솔린,2018 메르세데스-AMG S클래스,"24,660~24,780만원",출시 2018년 1월
949,가솔린,2018 메르세데스-AMG G클래스,"20,500만원",출시 2018년 1월
950,가솔린,2018 메르세데스-AMG E클래스,"11,250~15,390만원",출시 2018년 1월
951,가솔린,2018 링컨 MKX,"5,670~6,330만원",출시 2018년 1월
952,가솔린,2018 링컨 MKC,"5,230만원",출시 2018년 1월
953,가솔린,2018 렉서스 RX 하이브리드,"7,760~8,740만원",출시 2018년 1월
954,가솔린,2018 렉서스 RX F 스포츠 하이브리드,"8,740만원",출시 2018년 1월
955,가솔린,2018 렉서스 RX,"8,210만원",출시 2018년 1월
956,가솔린,2018 렉서스 RC F 스포츠,"6,890~8,120만원",출시 2018년 1월
957,가솔린,2018 렉서스 RC F,"12,130만원",출시 2018년 1월
958,가솔린,2018 렉서스 GS 하이브리드,"7,930만원",출시 2018년 1월
959,가솔린,2018 렉서스 GS F 스포츠 하이브리드,"8,410만원",출시 2018년 1월
