,title,url
0,"[미리 보는 CES 2022]<5>소부장, 미래·고성능 신기술 대결",http://www.etnews.com/20211230000178
1,내년 전기차 22만·수소차 3만대 늘린다… “주유소보다 편하게 충전기 16만기...,https://www.seoul.co.kr/news/newsView.php?id=20211229002003&wlog_tag3=naver
2,"131년 전 등장한 전기차 기술, 왜 이제야 테슬라가",https://www.chosun.com/economy/mint/2021/12/16/J2IO7NVMTZCTBOHCKBEUHV53SQ/?utm_source=naver&utm_medium=referral&utm_campaign=naver-news
3,친환경 바람 타고 내년에도 신형 전기차 ‘쌩쌩’,https://www.khan.co.kr/economy/auto/article/202112142142045
4,"GM, 한국센터를 전기차 연구개발 핵심조직으로",https://www.donga.com/news/article/all/20211222/110915100/1
5,"로보아이·동우글로발·퓨전이엔씨…경북, 신기술 스타트업 10社 '혁신대상'",https://www.hankyung.com/society/article/2021121510211
6,응급구조드론·전기차 충전플랫폼...엔지니어링 디자인의 산물,http://news.heraldcorp.com/view.php?ud=20211206000378
7,車·조선 황금기 거쳐 전기차·K뷰티 시대로,http://news.mk.co.kr/newsRead.php?no=1119186&year=2021
8,글로벌 정글 헤쳐나갈 '호랑이 기업' 키우자,https://www.hankyung.com/economy/article/2021123178181
9,"""세계는 '테크 전쟁'…첨단기술 없인 경쟁의 무대조차 못 올라""",https://www.hankyung.com/economy/article/2021123177381
10,전기차 주차중 무선충전 규제 샌드박스 심의 통과,http://news.mk.co.kr/newsRead.php?no=873148&year=2021
11,전기차 시대 한눈에 본다...기아 ‘EV6 언플러그드 그라운드 성수’ 활짝,http://news.heraldcorp.com/view.php?ud=20210825000614
12,"中, 구글과 합작...현대차와 경쟁 불가피",http://news.heraldcorp.com/view.php?ud=20211231000292
13,전기硏 세계 첫 전기차 인증기관 선정,http://news.mk.co.kr/newsRead.php?no=735413&year=2021
14,"'고효율·EV신기술 다 잡았다'…제네시스, G80 전동화 모델 출시",https://view.asiae.co.kr/article/2021070709054388854
15,제네시스 첫 전기차 ‘G80 전동화모델’ 출시,http://news.heraldcorp.com/view.php?ud=20210707000510
16,"[CES 2021]GM·벤츠·BMW, 신기술부터 배송 사업까지…미래 전기차에 올인",http://www.etnews.com/20210113000156
17,전기차 충전시간 절반 '뚝'…이동형 진단서비스까지 혁신기술 쏟아져,http://www.edaily.co.kr/news/newspath.asp?newsid=01216886629079424
18,4월 공개된 '제네시스 G80 전기차' 벌써 해외 호평 봇물,http://www.edaily.co.kr/news/newspath.asp?newsid=01203766629050560
19,G80전기차 中서 최초 공개… 현대家 ‘EV 3총사’로 대륙 공략,http://www.munhwa.com/news/view.html?no=2021041901072239176001
20,현대차와 경신 '50년同行'…이젠 자율주행차로 발전,http://news.mk.co.kr/newsRead.php?no=1224566&year=2021
21,글로벌기업 '동맹 무대'… LG 올레드패널 쓴 삼성 TV 추진 [미리보는 CES 202...,http://www.fnnews.com/news/202112291815413215
22,"쏘카, 초소형 전기차 카셰어링 '정식 서비스'...퍼스트·라스트 마일 공략",http://www.etnews.com/20210222000176
23,속도내는 탄소중립… 내년 무공해차 50만 시대 연다,http://www.fnnews.com/news/202112281741318233
24,“2022년을 ‘2050 탄소중립’ 원년으로”,http://www.busan.com/view/busan/view.php?code=2021122815432509845
25,"기아, 국내 최초 전기차 정비기술인증제도 'KEVT' 도입",https://view.asiae.co.kr/article/2021012506322086283
26,"기아, 국내 첫 '전기차 정비기술인증제' 도입",http://www.etnews.com/20210125000040
27,정부 “내년부터 제조업 탄소저감 지원 본격화”,https://www.hani.co.kr/arti/society/environment/1025040.html
28,"현대기아차, ""전기차 도약 원년""…5년내 12개 모델 年56만대 판매목표",http://news.mk.co.kr/newsRead.php?no=4587&year=2021
29,車 부품 경쟁력 발판 삼아 글로벌 모빌리티기업 변신 [K브랜드 리포트],http://www.segye.com/content/html/2021/12/28/20211228512808.html?OutUrl=naver
30,미래서 온듯한 럭셔리 전기차···전시관선 '로봇개'가 반겨주네,https://www.sedaily.com/NewsView/22U6GPS00Z
31,"내연기관 썰물, 전기차 밀물 ‘물갈이 쇼’",https://www.khan.co.kr/economy/auto/article/202111252143005
32,"현대모비스, 도심공유형 모빌리티 메타버스 '엠비전 타운'서 뽐낸다",http://www.edaily.co.kr/news/newspath.asp?newsid=01216886629284096
33,"세코닉스 렌즈, 부가티 전기차 눈 된다",https://www.hankyung.com/economy/article/2021112134891
34,"일자리 2만개 사라진다, 전기차 쾌속 성장의 그늘",https://www.joongang.co.kr/article/25025316
35,"“GM, 2025년까지 韓시장에 전기차 10종 출시”",http://www.munhwa.com/news/view.html?no=2021111201072103353001
36,"서울모빌리티쇼, 100여개 기업 참가…""신차 18종, 전동화·자율주행 신기술 공...",http://www.etnews.com/20211110000127
37,"""신형 전기차 데뷔장"" 서울·LA·광저우 열기 후끈",http://www.fnnews.com/news/202111211805539767
38,‘후륜 조향 시스템’ 적용 고급차가 다시 달린다,http://www.segye.com/content/html/2021/12/27/20211227512932.html?OutUrl=naver
39,우주왕복선·NFT·푸드테크…세상바꿀 신기술 쏟아진다,http://news.mk.co.kr/newsRead.php?no=1063693&year=2021
40,조코위 印尼 대통령 만난 정의선…전기차 영토확장 나섰다,http://www.edaily.co.kr/news/newspath.asp?newsid=03194726629216528
41,"정의선, 조코위 대통령과 만난다... 인도네시아서 전기차 협업 논의",http://www.dt.co.kr/contents.html?article_no=2021102502101532064001&ref=naver
42,“韓佛 반도체·전기차 기술협력 강화”,https://www.sedaily.com/NewsView/22SYEG3AJU
43,"[밸류체인 변화, 혁신기업이 뛴다] CCUS부터 친환경 그린수소까지… 脫탄소 에...",http://www.dt.co.kr/contents.html?article_no=2021110302100658063001&ref=naver
44,"쌍용차 품을 에디슨모터스 비전은…""전기차 시너지 노린다""",http://www.etnews.com/20211020000288
45,"[글로벌 핫스톡] 테슬라, 전기차 설계·제조·SW 혁신···주가도 '도약'",https://www.sedaily.com/NewsView/22SX1PI8WB
46,"비닐봉지·종이컵 ‘아웃’… 탄소중립, 내년 11월 자영업 비상",http://news.kmib.co.kr/article/view.asp?arcid=0924225025&code=11131100&cp=nv
47,제네시스 첫 전용 전기차 GV60 공개…5990만원부터,https://view.asiae.co.kr/article/2021093008574521375
48,유럽 전기차 판매 6배 늘었다,https://www.hankyung.com/international/article/2021100566781
49,현대차그룹 R&D 리더 ‘총출동’…미래車 신기술 개발자들과 공유,http://news.heraldcorp.com/view.php?ud=20211102000462
50,"자동차 업계, '전기차·SUV' 신차 앞세워 내수 잡는다",http://www.edaily.co.kr/news/newspath.asp?newsid=01918806629182744
51,제네시스 첫 전기차 GV60 공개…주행거리 451km에 6천만원,https://www.hani.co.kr/arti/economy/car/1013389.html
52,[사설]전기차는 미래가 아닌 현재다,http://www.etnews.com/20210929000251
53,"전기차도 220V 콘센트로 충전…獨 보쉬, 개발 나서",http://news.mk.co.kr/newsRead.php?no=919921&year=2021
54,ESS시스템·스마트 그리드 등 신기술 개발…‘전기의 시대’ 선제 대응,http://www.munhwa.com/news/view.html?no=2021102101032539342001
55,"""아세안 전기차 주도"" 현대차·LG엔솔 '출격'",https://www.sedaily.com/NewsView/22RH4UDZUF
56,"제네시스, 첫 전용 전기차 ‘GV60’ 공개…안면인식 키, 무드등 변속기 등 첨...",http://www.busan.com/view/busan/view.php?code=2021092922565503985
57,"대원정밀, 제네시스 전기차 시트 생산 위한 공장 신설",https://www.sedaily.com/NewsView/22RH2RI3ER
58,현대차 `전기차 무선충전` 샌드박스 심의통과,http://www.dt.co.kr/contents.html?article_no=2021091002151231650001&ref=naver
59,정의선 직할 체제로…현대차 임원 승진 3명중 1명 '젊은피',http://news.mk.co.kr/newsRead.php?no=1143459&year=2021
60,"현대차그룹, 美 텍사스서 전기차 배터리 재사용 ESS 실증사업",https://view.asiae.co.kr/article/2021091508053323749
61,"""전기차 회사 너무 많다"" 中, 옥석가리기 나서나",http://www.fnnews.com/news/202109131813264202
62,"현대차-LG, 인니에 전기차 배터리공장 착공",http://news.kmib.co.kr/article/view.asp?arcid=0924209713&code=11151400&cp=nv
63,전기차 스마트폰 필수 부품 일본 앞섰다…LG계열사 또 일냈다,http://news.mk.co.kr/newsRead.php?no=883645&year=2021
64,"[NOW] 뮌헨 모터쇼, 전시관 8개 중 7개가 전기차",https://www.chosun.com/economy/auto/2021/09/07/DI4A3KRNPRGLVHV6KI4ZGPUHLU/?utm_source=naver&utm_medium=referral&utm_campaign=naver-news
65,현대모비스 전기차 모듈시장 공략 가속..IAA서 글로벌 전략 공개,http://news.mt.co.kr/mtview.php?no=2021090509391318383
66,오미크론 덮친 CES… MS-GM-구글 줄줄이 대면행사 취소,https://www.donga.com/news/article/all/20211226/110959518/1
67,[미리보는 CES 2022]<3>로봇·자율주행 기술 전면 등장,http://www.etnews.com/20211228000164
68,"USTR 대표 만난 여한구, 신기술 공급망·대화채널 제안",https://www.sedaily.com/NewsView/22RGN77O2V
69,전기차 등 빅3산업에 내년 6.3조 투자한다,https://www.sedaily.com/NewsView/22QE1FZ3YM
70,"전기차도 ‘집밥시대’... 콘센트, 충전 해결사로 떴다",https://www.chosun.com/economy/industry-company/2021/08/29/URWBCNLLSZBLVN6FMQMS4QKGEY/?utm_source=naver&utm_medium=referral&utm_campaign=naver-news
71,"<친환경이 경쟁력이다>무라벨 음료에 종이 포장, 전기차 배송… 모든 계열사서...",http://www.munhwa.com/news/view.html?no=2021082601032307000001
72,"현대차·벤츠, 독일서 미래 전기차 대전 벌인다",https://www.hankyung.com/economy/article/2021082327681
73,인천도시공사 'ESG 컨트롤타워'…2025년까지 평가·관리 체계 마련,https://www.hankyung.com/society/article/2021122754551
74,"'3000만원대' XM3 하이브리드, 스포티지 LPG…저공해 신차 쏟아진다",http://news.mt.co.kr/mtview.php?no=2021122809233966561
75,"친환경 전기차, 배터리도 친환경일까[정우성의 미래과학 엿보기]",https://www.donga.com/news/article/all/20210816/108564193/1
76,30년 산업통 관료…취임 1년 만에 '흑자 전환',https://www.hankyung.com/economy/article/2021122141221
77,소음 줄이고 더 강하게… ‘전기차 전용 타이어’ 속속 출시,https://www.chosun.com/economy/auto/2021/08/11/K65OH76K7NGOXOF5QQSMTESLYA/?utm_source=naver&utm_medium=referral&utm_campaign=naver-news
78,"4대 소재 점유율 20% 못 넘어… K배터리, 신기술에 달렸다",https://www.seoul.co.kr/news/newsView.php?id=20210817022001&wlog_tag3=naver
79,'CES 참가' 최태원 신중·박정원 취소···정의선·정기선 참석할 듯,https://www.sedaily.com/NewsView/22VF2GFKKK
80,"亞 전기차 주도권 확보… 현대차·LG엔솔, 인니 배터리 합작사",http://www.dt.co.kr/contents.html?article_no=2021072902109932033006&ref=naver
81,현대차-LG그룹 전기차 1등 승부수..배터리셀 1.2조 합작투자,http://news.mt.co.kr/mtview.php?no=2021072908432961024
82,"[사설] 빨라지는 전기차 시대, 혼다 2천명 조기퇴직에서 읽어야 할 메시지",http://news.mk.co.kr/newsRead.php?no=764491&year=2021
83,"""자율주행 이 정도일줄""…제네시스 G80 스포츠 탑재된 신기술",http://news.mk.co.kr/newsRead.php?no=838209&year=2021
84,"[THE CAR] 벤츠·BMW·아우디…쏟아지는 수입 전기차, 입맛대로 골라 타볼까",http://www.dt.co.kr/contents.html?article_no=2021080202101832031001&ref=naver
85,"현대차그룹·LG엔솔, 아세안 전기차 시장 공략",http://news.mk.co.kr/newsRead.php?no=734345&year=2021
86,"“한달 달리는 전기차, 수소가 움직이는 세상”…켄텍, 9월 첫 신입생 뽑는다",https://news.joins.com/article/olink/23723699
87,"전기차 달리는데, 대학은 기름차만 가르친다",https://www.chosun.com/national/2021/09/09/PRFICQ5YD5HN5GKX5HZNH7FIWY/?utm_source=naver&utm_medium=referral&utm_campaign=naver-news
88,[단독] 윤여철 부회장 퇴진...정의선 친정체제 구축,https://www.sedaily.com/NewsView/22VBD68OH2
89,제네시스 '신차 3종' 출격…신기술 3종 담는다,http://www.etnews.com/20210630000217
90,"[단독]조주완 LG전자 CEO, 첫 해외 출장으로 '전장사업' 챙겼다",http://news.mt.co.kr/mtview.php?no=2021122109221016697
91,"정부, 내년 전기·수소차 보급 50만대로 늘린다",https://www.khan.co.kr/economy/economy-general/article/202112282109025
92,"'얼굴보고 차도어 자동 개폐'…LS오토모티브, 신기술 도전",http://news.mk.co.kr/newsRead.php?no=633394&year=2021
93,"올 하반기 전기차 춘추전국시대 열린다…""전기차 전쟁 격화""",http://www.edaily.co.kr/news/newspath.asp?newsid=01761366629113536
94,"미래차 소프트웨어-하드웨어 개발, 계열사 협력으로 시장 선점",https://www.donga.com/news/article/all/20211221/110889522/1
95,[바이블시론] 신기술의 미래를 사는 법,http://news.kmib.co.kr/article/view.asp?arcid=0924198839&code=11171370&cp=nv
96,산업계 ‘녹색전환’ 본격화…수출 ‘7000억달러+α’ 도전,http://news.heraldcorp.com/view.php?ud=20211228000452
97,"홍남기 ""경제계 전폭 지원""...최태원 ""전략 신기술·인프라 지원 과감하게""",http://www.etnews.com/20210811000212
98,"삼성·LG전자, 내년 CES 전시회 현지 출격…신기술 경쟁 후끈",http://www.edaily.co.kr/news/newspath.asp?newsid=01361206629082376
99,"'전기차 패권' 꿈꾸는 현대차, 그랩 손잡고 동남아서 질주",https://www.sedaily.com/NewsView/22NQYA5XD7
114,미래차 내년 예산 4674억… 30% 확대,http://www.fnnews.com/news/202112141752024734
115,"[로봇 미래예측 2030 대담회] “AI+로봇, 노동해방 시대 온다”",http://www.etnews.com/20211219000035
116,[글로벌 Why] 돈 몰리자 기술력·실적 과대포장···'전기차 버블' 커진다,https://www.sedaily.com/NewsView/22NPKX3PZU
117,"""놀라운 기술, 달리면서 스스로 충전""…제네시스 첫 전기차",http://news.mk.co.kr/newsRead.php?no=579890&year=2021
118,산업안전 신기술 공모전서 10개사 선정,https://www.hankyung.com/society/article/2021061066431
119,K배터리 신기술·미래가 한눈에,http://www.segye.com/content/html/2021/06/08/20210608513759.html?OutUrl=naver
121,"현대차그룹, '203명' 사상 최대 규모 임원인사 단행…40대·R&D 주목",https://view.asiae.co.kr/article/2021121710593813109
122,팻 겔싱어 취임 1년 '인텔이 돌아왔다',http://www.etnews.com/20211214000118
123,자동차 골라타고 전기차 충전대행... 모빌리티서비스 판 키우는 완성차,http://www.dt.co.kr/contents.html?article_no=2021060202101632064002&ref=naver
124,"[나노코리아 2021] 차세대 신기술, 나노에 있다",http://www.etnews.com/20210708000176
125,전기차·뷰티…장영실상 보면 미래먹거리 보인다,http://news.mk.co.kr/newsRead.php?no=599564&year=2021
126,"현대모비스, 車 그릴 활용 신기술 개발",http://www.segye.com/content/html/2021/06/17/20210617515222.html?OutUrl=naver
127,치열해진 ‘첨단’ 경쟁… 전기차 진화 어디까지,http://www.busan.com/view/busan/view.php?code=2021052518153853519
128,한번 충전으로 서울서 부산까지…'볼트EV' 수입 전기차 판매 1위 질주,https://www.hankyung.com/economy/article/2021052553661
129,전기차·자율주행차… 모빌리티 신기술 선봬,http://www.segye.com/content/html/2021/01/11/20210111514244.html?OutUrl=naver
130,"포드 전기차 탄 바이든 ""中이 이기게 두지 않겠다""",https://www.sedaily.com/NewsView/22MF75SY5J
131,[별별시승]신기술 집결한 ‘아이오닉5’...공상과학 속 차 같네,https://www.sedaily.com/NewsView/22M7CF93R3
132,"삼성, 파운드리 공장 170억弗…현대차, 전기차에 74억弗 쏜다",https://www.hankyung.com/politics/article/2021052274201
133,"현대차, 미래차 신기술 R&D부터 긴급 운영자금까지 다양한 지원",http://news.mk.co.kr/newsRead.php?no=402309&year=2021
134,수소·전기차 급증에 차량 정비업 생존 위기,http://www.kwnews.co.kr/nview.asp?aid=221051300090
135,아이오닉5·기아 CV '신기술 풀충전'…차세대 전기차 쏟아진다,https://www.hankyung.com/economy/article/2021010186411
136,"""두께 3㎜ CNT, 전기차 배터리 효율 높이죠""",https://www.sedaily.com/NewsView/22MF6TA0PZ
137,[박상현의 일상 속 문화사] 100년전 내연기관차에 밀렸던 패자 ‘전기차의 부...,http://www.segye.com/content/html/2021/04/26/20210426513273.html?OutUrl=naver
138,"""밀리면 끝장""…현대차·폭스바겐·BMW '전기차 대전'",https://www.hankyung.com/economy/article/2021042649851
139,"[기고] 탄소중립의 핵심, 국가 전기안전관리 플랫폼/문승일 서울대 교수",https://www.seoul.co.kr/news/newsView.php?id=20211228030005&wlog_tag3=naver
140,현대차 세대교체… 신규임원 3명 중 1명 40대,http://www.segye.com/content/html/2021/12/17/20211217512516.html?OutUrl=naver
141,현대차그룹 203명 ‘사상최대’ 임원 발탁,http://news.heraldcorp.com/view.php?ud=20211217000449
142,"현대차그룹, 프리미엄 전기차 3총사로 中시장 공략한다(종합)",http://www.edaily.co.kr/news/newspath.asp?newsid=03381686629017760
143,"중국서 첫 전기차 모델 공개한 제네시스… 현대차·기아, 중국 공략 가속화",https://hankookilbo.com/News/Read/A2021041909330002413?did=NA
144,"제네시스 전기차, 상하이 모터쇼 '화려한 데뷔'",https://www.hankyung.com/economy/article/2021041923861
145,전기차 대전 '상하이모터쇼' 19일 개막…현대·기아 재도약 신호탄,http://www.etnews.com/20210416000165
146,'친환경 전기車 부품사업' 변신 통했다,http://news.mk.co.kr/newsRead.php?no=1147550&year=2021
147,"전기차 전쟁의 승패, 충전 인프라에 물어봐",https://www.chosun.com/economy/auto/2021/03/16/HIZ236LUX5BR3ALOA6DNQIXHY4/?utm_source=naver&utm_medium=referral&utm_campaign=naver-news
148,"“잘 만든 뼈대 하나, 전기차 진화 내게 맡겨라”",https://www.seoul.co.kr/news/newsView.php?id=20210331014008&wlog_tag3=naver
149,"산업부, 1000억 '디지털산업혁신 펀드 2호' 추진…AI 등 신기술 기업에 집중 ...",http://www.etnews.com/20210527000114
152,'전기차 슈퍼히어로' 기아 EV6…4분30초만 충전해도 100㎞ 달린다,https://www.hankyung.com/economy/article/2021033096881
153,"“전기차, 가격 경쟁력에 사활”…완성차 업계의 ‘배터리 독립 선언’",http://news.khan.co.kr/kh_news/khan_art_view.html?artid=202103292147045&code=920508
154,"BMW, 테슬라 모델X 잡을 전기차 'iX' 국내 사전예약 돌입",http://www.etnews.com/20210325000169
155,[이슈분석]전기차 배터리로 왜 각형을 주목하는가?,http://www.etnews.com/20210323000170
156,[이슈분석]전기차 배터리 대전환 시대...'중국에 밀린 K-배터리',http://www.etnews.com/20210323000144
157,"'냉혹한 현실' 본 이재용, 수뇌부 다 바꿨다",http://news.mk.co.kr/newsRead.php?no=1121778&year=2021
158,"현대위아, 신기술로 미래 모빌리티 개척…2030년 年매출 12조원 목표",http://news.mk.co.kr/newsRead.php?no=294356&year=2021
159,"“전기차 충전, 5분에 끝낸다” 이스라엘 배터리社 CEO의 호언장담",https://www.chosun.com/economy/int_economy/2021/03/12/MVFDGSHLWVBH3ONX3UHLK4WU4E/?utm_source=naver&utm_medium=referral&utm_campaign=naver-news
160,"잇단 전기차 화재에… 배터리 업계, 질 좋은 분리막에 관심 집중",https://hankookilbo.com/News/Read/A2021030909450003317?did=NA
161,신기술·신제품·신사업…국가대표 기업들 3新과 달린다,https://www.hankyung.com/economy/article/2021030118321
162,전기차에 자리 내주는 내연기관차… 업체들 잇단 단종 선언,http://www.segye.com/content/html/2021/03/04/20210304516356.html?OutUrl=naver
163,'모빌리티 혁신' 속도낸 정의선…철강 넘어 '수소' 키우는 최정우,http://news.mk.co.kr/newsRead.php?no=1147710&year=2021
164,"벤츠, 스타트업과 협업 미래차 기술 공개",http://www.segye.com/content/html/2021/12/13/20211213514483.html?OutUrl=naver
165,아이오닉 5-모델 Y 출격…'전기차 왕좌' 주인공은,https://www.hankyung.com/economy/article/2021022360891
166,"""전기차에 대한 고객 경험 바꾸겠다""..현대차 '아이오닉 5' 공개",http://www.edaily.co.kr/news/newspath.asp?newsid=04690406628953472
167,"[CES 2021] ""미래차 시장 열렸다"" 완성차·부품업계 신기술戰",http://www.edaily.co.kr/news/newspath.asp?newsid=04001606628917064
168,격화되는 경쟁 …전기차 배터리 '3사 3색 전략',https://www.hankyung.com/economy/article/2021032337831
169,"정부-산업계, 전기차 배터리 리스사업 손잡다",http://news.heraldcorp.com/view.php?ud=20210218000697
170,"가전·모바일 벽 허문 삼성…""미래 사업 민첩대응"" 속도전",http://news.mk.co.kr/newsRead.php?no=1121747&year=2021
171,"북미·유럽·중동까지...제네시스, 상복 터졌다",http://news.heraldcorp.com/view.php?ud=20211220000537
172,거실처럼 꾸민 자율주행차… 640마력 고성능 전기차 [CES 2021],http://www.segye.com/content/html/2021/01/17/20210117507635.html?OutUrl=naver
173,"현대글로비스, 전기차 사용후 배터리 운송 설비 특허 취득",http://www.dt.co.kr/contents.html?article_no=2021020302109932781006&ref=naver
174,"수소 등 미래산업 올인하는 포스코…""기업가치 3배로 높인다""",https://www.hankyung.com/economy/article/2021121004641
175,"[사설]미래차 춘추전국시대, 초격차 신기술이 살 길이다",https://www.sedaily.com/NewsView/22H8L9OPXJ
176,코로나에도 AI·5G·모빌리티 신기술·신제품 뽐낸다…CES 2021 ‘온라인’ 개...,http://www.hani.co.kr/arti/economy/marketing/978048.html
177,[한중비전포럼] 미국과 EU 견제에도 중국 내년 5.5% 성장할 듯,https://www.joongang.co.kr/article/25024347
178,GM “2025년말까지 글로벌시장에 전기차 모델 30여종 출시”,https://www.donga.com/news/article/all/20210119/105000436/1
179,"한-호주,리튬·니켈·희토류 공급망 체결",http://www.etnews.com/20211213000247
180,"현대차, 정의선 직할체제 강화…내년 미래 사업 힘준다",http://www.edaily.co.kr/news/newspath.asp?newsid=01872886629280160
181,"‘전기차 굴기’ 노린 中, 테슬라만 특혜 줬다",https://www.seoul.co.kr/news/newsView.php?id=20210115017021&wlog_tag3=naver
182,3천만원대 태양광 전기차…공기질 측정하는 스마트 마스크,http://news.mk.co.kr/newsRead.php?no=41962&year=2021
183,"무인자율선박, 롤러블폰… 올해도 세상 바꿀 신기술 모였다",https://www.chosun.com/economy/tech_it/2021/01/07/NE7CQ2LEJ5DWZOYHG6DTF5UGKI/?utm_source=naver&utm_medium=referral&utm_campaign=naver-news
184,"자금·인력 부족… 車·부품업체 56% ""미래차 진출 계획 없어""",http://www.fnnews.com/news/202112141816184470
185,"한 번 충전하면 1000㎞ 달린다… GM-LG, 전기차 배터리 혁신 [CES 2021]",http://www.fnnews.com/news/202101131820596066
186,"""집콕 2년간 바꿀거 다 바꿨다""…가전 내년 찬바람 [2022년 경제대전망]",http://news.mk.co.kr/newsRead.php?no=1136045&year=2021
187,"현대자동차, 2년 연속 국내 판매 10만대 돌파",http://news.mk.co.kr/newsRead.php?no=1000537&year=2021
188,"현대자동차, 새로운 모빌리티 체험 적용으로 고객 취향 '저격'",http://news.mk.co.kr/newsRead.php?no=954518&year=2021
189,車업계 절반 “미래차 진출못해...5년뒤 수익 불확실”,http://news.heraldcorp.com/view.php?ud=20211214000467
191,"""탄소중립 핵심은 에너지 효율화""…기술개발 사활 거는 정부",http://www.edaily.co.kr/news/newspath.asp?newsid=01777766629280160
192,韓병원 의사가 뉴욕 교민 비대면진료…약 처방전 발급까지,http://news.mk.co.kr/newsRead.php?no=873146&year=2021
193,온라인 막 올리는 'CES 2021'...신기술이 보여줄 일상 속 변화,http://www.etnews.com/20210110000044
194,기아 성수동에 'EV6' 전용 고객체험공간 개장,https://view.asiae.co.kr/article/2021082508375262876
195,"""내년 IPO 최정점…종목 옥석가리기 필요""",https://www.hankyung.com/economy/article/2021121461431
196,신기술 찾는 한솔·일진…'미래의 유니콘' 키운다,https://www.hankyung.com/economy/article/2021020350481
197,“완벽한 차량과 서비스로 고객의 시간 가치 있게 할 것”,https://www.chosun.com/economy/industry-company/2021/07/19/2ZE3F7GX7NA75I3CZHAEPYFRL4/?utm_source=naver&utm_medium=referral&utm_campaign=naver-news
198,"그릴 보면 車 상태 안다..현대모비스, '라이팅 그릴' 기술 개발",http://www.edaily.co.kr/news/newspath.asp?newsid=01708886629082704
199,현대차 대대적 세대교체… 임원 30% 내보내고 25%만 충원,https://www.chosun.com/economy/auto/2021/12/17/2XL447JDOREODNO46UJ6PNRF44/?utm_source=naver&utm_medium=referral&utm_campaign=naver-news
200,"""그릴로 의사소통""… 현대모비스 ‘라이팅 그릴’ 최초 개발",http://www.fnnews.com/news/202106171822092763
202,새 주인 찾기 시동 건 쌍용차…무사히 목적지 도착할까,http://www.segye.com/content/html/2021/06/28/20210628513885.html?OutUrl=naver
203,"""미래車 전문가 찾아요"" 대학마다 변화 움직임",https://news.imaeil.com/Education/2021050714032092889
204,"킥보드·렌터카·주차까지… 티맵, 종합 플랫폼 변신",http://www.dt.co.kr/contents.html?article_no=2021120702109931820004&ref=naver
205,"삼성, 美서 TSMC와 한판 승부···LG·SK, 15조 배터리 투자",https://www.sedaily.com/NewsView/22MH23G1GH
206,"삼성, 20조 파운드리 공장… LG·SK, 16조 규모 배터리… 4대 그룹, 44조 대미...",http://www.segye.com/content/html/2021/05/23/20210523508071.html?OutUrl=naver
207,"[신차드라이브]포르쉐 타이칸 4S '전비왕' 도전…""배터리 74%로 347㎞ 달렸다...",http://www.etnews.com/20210513000082
208,에너지의 재구성··· 패권지도 다시 그린다 [책꽂이],https://www.sedaily.com/NewsView/22M96ZSEYC
209,中 공장 셧다운…'배터리 핵심' 코발트값 3년 만에 최고,https://www.hankyung.com/international/article/2021121762181
210,[서초포럼] 10대 경제대국의 도전과 과제,http://www.fnnews.com/news/202104221802578717
211,[음재훈의 실리콘밸리 인사이더] ‘기술 발전 촉진’ vs ‘고위험 투자’… 양...,https://www.chosun.com/opinion/specialist_column/2021/02/25/Y3HQSEWVEND7RJFYUN3IJO2API/?utm_source=naver&utm_medium=referral&utm_campaign=naver-news
212,저탄소 노력 없으면 은행도 '위험'…금융권 녹색금융 '면책'(상보),http://news.mt.co.kr/mtview.php?no=2021012516054626069
213,"“라스트마일 딜리버리 주도”···GS리테일, 카카오와 동맹",https://www.sedaily.com/NewsView/22V4I8AN3X
214,"티맵, 대리운전·킥보드 추가해 ‘종합 모빌리티 플랫폼’ 변신",https://www.joongang.co.kr/article/25033293
215,“탄소배출량 감축 안 하면 10년 뒤 금융 건전성 위태”,https://www.seoul.co.kr/news/newsView.php?id=20210126020004&wlog_tag3=naver
216,2021 서울모빌리티어워드 개최…대상은 '현대모비스 e-코너 모듈',http://www.etnews.com/20211201000109
217,[해외 칼럼] 일론 머스크의 헛소리,https://www.sedaily.com/NewsView/22VAF8ILYZ
218,"제주 수출입 지원사업 심포지엄, 우수中企에 날개",https://www.donga.com/news/article/all/20211207/110668912/1
219,수소사업조직에 메스...현대차그룹 ‘결단’ 이유는,http://news.heraldcorp.com/view.php?ud=20211209000477
221,세균은 잡고 향기 살리고… 자동차 이젠 ‘청정 경쟁’,https://www.donga.com/news/article/all/20211203/110577975/1
222,"""신사업 뛰어들자""···연말 투자 공시 5년來 최다",https://www.sedaily.com/NewsView/22V5U1JCBZ
223,현대차 새 노조위원장 “4차혁명 앞세운 사측 도발 좌시 않을 것”,https://www.chosun.com/economy/auto/2021/12/10/3ZQ7PWQQUFFD3HV7EQ4LQSZY7Y/?utm_source=naver&utm_medium=referral&utm_campaign=naver-news
224,"[소프트웨이브 2021] ETRI와 KETI, AI와 IoT로 산업 혁신 주도",http://www.etnews.com/20211201000134
225,"정진택 고려대 총장 ""대학 혁신 물꼬 꽉 막혀...美·中처럼 규제 풀고 지원 늘...",https://www.sedaily.com/NewsView/22V4Z1TUWG
226,“교수부터 학과 칸막이 없이 채용한다”,https://www.chosun.com/national/education/2021/11/30/BWSVVRR5CZED7N3T33EYHVTMMM/?utm_source=naver&utm_medium=referral&utm_campaign=naver-news
227,[기고] 새만금이 꾸는 '그린 동북아 허브'의 꿈,http://news.mk.co.kr/newsRead.php?no=1097434&year=2021
228,車·옷·먹거리 회사도 몰려간다... 성수동 골목은 최신유행 실험실,https://www.chosun.com/economy/industry-company/2021/11/28/POLCDTA4WBBS7BVKY3AJBHY3QM/?utm_source=naver&utm_medium=referral&utm_campaign=naver-news
229,"[서울모빌리티쇼]""내년 서울서 완전자율주행차 달린다""(종합)",https://view.asiae.co.kr/article/2021112511223818881
230,"현대차 ""로보라이드, 내년 봄 서울에 등장""",http://news.mk.co.kr/newsRead.php?no=1097115&year=2021
231,'기름기' 쫙 뺐다···전시장 절반이 친환경차,https://www.sedaily.com/NewsView/22U5LE9UUT
232,[줌 인 해외부동산] 테슬라·삼성전자도 둥지…美부동산 '블루칩' 된 텍사스,http://news.mk.co.kr/newsRead.php?no=1097488&year=2021
233,'요소수 필요 없는' 친환경 수소전기트럭 도로 달린다,http://www.fnnews.com/news/202111151739078380
234,기업은 협업·정부는 세제 뒷받침···'저감기술 사업화' 숙제 푼다,https://www.sedaily.com/NewsView/22U6ZDGENF
235,"[Car] '전기' 꽂은 제네시스, '미래' 기술에 꽂혔다",http://news.mk.co.kr/newsRead.php?no=1087274&year=2021
236,"현대차, 부품기업 미래차 전환 돕고…사회적 기업가 창업 지원도",http://news.mk.co.kr/newsRead.php?no=1092278&year=2021
237,"GV70e·EV6·투싼HEV…현대차그룹, 친환경차로 中시장 재등정 나선다",https://view.asiae.co.kr/article/2021111909401140811
238,롯데도 UAM사업 진출… 내년 실증비행 나선다,http://www.munhwa.com/news/view.html?no=2021111601072330124002
239,'세대교체' LG·롯데-'컨트롤타워 부활' 삼성·SK…연말 재계 인사 키워드,https://view.asiae.co.kr/article/2021112614374500756
240,"中 CATL, 한국서 40% 싼 배터리 판다",http://www.etnews.com/20211119000128
241,"GV70 전동화 모델 공개···현대차, 中서 반등 노린다",https://www.sedaily.com/NewsView/22U2TXLQSE
242,‘개콘’ 보면 기업 미래 보인다... 4개사 공들이는 사업은,https://www.chosun.com/economy/tech_it/2021/11/25/WBOYDZAFWJHS5BJ3RZ255INDFQ/?utm_source=naver&utm_medium=referral&utm_campaign=naver-news
243,자율주행 로봇이 책 대출···상의·산업부 샌드박스 승인,https://www.sedaily.com/NewsView/22U0Z0NMTQ
244,관 주도 R&D 정책 패러다임 대전환 이끄는 '민간R&D 협의체',http://www.etnews.com/20211123000050
245,美 외교적 보이콧 ‘美·中대결 구조화’ 의미… 韓 대외·대북정책 常數 부상,http://www.munhwa.com/news/view.html?no=2021112301030642000001
246,제네시스 GV70 전동화 모델 최초 공개,http://news.heraldcorp.com/view.php?ud=20211119000471
247,미국 포드 GM '반도체 자급자족' 선언…삼성전자 영향은?,http://news.mk.co.kr/newsRead.php?no=1085353&year=2021
248,"메모리·시스템 반도체에 LED까지…삼성전자, '탄소 발자국' 인증 제품군 확대",https://view.asiae.co.kr/article/2021112208312142818
249,"GM·벤츠 등 11개 자동차회사 ""2040년 내연차 판매 중단할 것""",http://www.fnnews.com/news/202111111758298528
251,"美통상수장, 20일 삼성·현대차 만나…반도체·배터리 신동맹 강화",http://news.mk.co.kr/newsRead.php?no=1085427&year=2021
252,굴뚝 넘어 첨단으로… 대구 ‘5+1신산업’ 시대 활짝 [지방기획],http://www.segye.com/content/html/2021/10/27/20211027514302.html?OutUrl=naver
253,"“프랑스, 미국과 완전한 기술 동조 원치 않아…우리의 길 갈 것”",https://www.khan.co.kr/world/world-general/article/202111182149015
254,SK넥실리스 김영태 대표 `금탑산업훈장`,http://www.dt.co.kr/contents.html?article_no=2021111802101732078001&ref=naver
255,"부드러운 GV60, 버튼 누르자 야수로 변했다",http://news.mk.co.kr/newsRead.php?no=1051723&year=2021
256,"태양광발전에 車전동화까지…기아, 2045년 탄소중립 박차",http://www.edaily.co.kr/news/newspath.asp?newsid=03175046629244736
257,고장난 인공지능은 무기처럼 위험하다 [모두를 위한 AI],https://hankookilbo.com/News/Read/A2021111109400001524?did=NA
258,산책로 돌며 책 빌려주는 ‘도서관 로봇’ 나온다,https://www.joongang.co.kr/article/25023990
259,"테슬라, '천이백슬라' 찍고 급락…머스크 동생도 팔았다 (종합)",https://view.asiae.co.kr/article/2021111009560079838
260,"클라우드 도로, 돈보다 가치있는 데이터가 달린다 [이한주의 클라우드 세상]",https://www.hankyung.com/opinion/article/2021110972051
261,"경북창조경제혁신센터, 스타트업과 중소·중견기업 동반 성장 해법 찾았다",http://www.etnews.com/20211112000038
262,대기업부터 스타트업까지… 韓기업들 CES 혁신상 싹쓸이,https://www.chosun.com/economy/tech_it/2021/11/12/OULSNECV45ELPDXVL2E2LFHJJE/?utm_source=naver&utm_medium=referral&utm_campaign=naver-news
263,이번에도…CES 혁신상 휩쓴 韓기업들(종합),https://view.asiae.co.kr/article/2021111110434050893
264,美 SES 배터리 12분 만에 90%까지 고속 충전…주행거리 30%↑,https://www.hankyung.com/economy/article/2021102812131
265,상장 후 80% 상승 2차전지 ‘원준’…20% 보유 주주 매도…고점 신호?,http://news.heraldcorp.com/view.php?ud=20211028000651
266,한전 등 전력공기업 7곳 “2050년 석탄발전 전면 중단”,http://www.segye.com/content/html/2021/11/10/20211110516402.html?OutUrl=naver
267,"현대차·서울대, 배터리 공동 연구",https://www.chosun.com/economy/auto/2021/11/04/6YYUI4OB3BH7TNFXQ5C7LFIN3M/?utm_source=naver&utm_medium=referral&utm_campaign=naver-news
268,이름 바꾼 서울모빌리티쇼 26일 막 오른다,https://view.asiae.co.kr/article/2021111009363843613
269,서울대 달려간 정의선…'꿈의 배터리' 만든다,http://news.mk.co.kr/newsRead.php?no=1043659&year=2021
270,'미래차' 올라탄 대구 부품기업들,https://www.hankyung.com/society/article/2021101852821
271,미래차 최신 기술·정보 한눈에 '대구국제미래자동차엑스포' 21일 개막,https://www.sedaily.com/NewsView/22SSWMXPK2
272,"한전KDN, 인공지능·사물인터넷 기반 미래에너지 뉴딜 선도",http://news.mk.co.kr/newsRead.php?no=1058714&year=2021
273,"에디슨모터스, 친환경 모빌리티에 IoT 접목…전기버스 '강자'로",https://www.hankyung.com/economy/article/2021110962331
274,2021 글로벌 소부장 테크페어 17일 개막...대기업 상담회도 첫 개최,http://www.etnews.com/20211109000124
275,컨트롤타워 없고 사공만 많다...혁신 핸들 꺾는 규제,http://news.mt.co.kr/mtview.php?no=2021110417422127611
276,車가 ‘내 얼굴’ 알아본다… ‘생체인식’ 기술 속속 탑재,http://www.munhwa.com/news/view.html?no=2021110801032503011001
277,아무도 몰랐다…‘플랫폼 일자리’의 질주,http://www.munhwa.com/news/view.html?no=20211101010342033530010
278,[데스크칼럼]탄소중립을 위한 현실적 고민,http://news.heraldcorp.com/view.php?ud=20211104000592
279,쌍용차 새주인 후보에 에디슨모터스,http://news.mk.co.kr/newsRead.php?no=996018&year=2021
280,"""임직원 변화없으면 인수 포기"" 임직원에 최후 통첩",http://news.mk.co.kr/newsRead.php?no=995856&year=2021
281,"'ADT캡스'→'SK쉴더스'로...박진효 대표 ""고객 일상 지키는 기업될 것""(종합)",http://news.mt.co.kr/mtview.php?no=2021102613311076980
282,[fn스트리트] 천슬라,http://www.fnnews.com/news/202110261738420052
283,"현대차·기아, 기술, 인력 공유에 특허권 이전까지…R&D 상생은 이렇게",http://news.mk.co.kr/newsRead.php?no=1010654&year=2021
284,"[고광본 선임기자의 관점] ""모더나는 산학정 협력 산물···기술사업화 나서...",https://www.sedaily.com/NewsView/22SSG022TA
285,차세대 '하이니켈 배터리' 전쟁…LG엔솔·SK온·삼성SDI 양산 시작,https://www.hankyung.com/economy/article/2021101854571
286,대구형 상생일자리 2호는 ‘인공지능형’,https://www.hani.co.kr/arti/area/yeongnam/1017534.html
287,자율주행 셔틀 질주 탄소배출 원천 차단 혁신·친환경 쌍끌이,http://www.munhwa.com/news/view.html?no=2021110101036727330001
288,"미래 대비하는 기업들, 바이오·배터리 人才 끌어모은다",http://www.munhwa.com/news/view.html?no=2021110101034203353001
289,"귀하신 몸 된 '폐배터리'…지자체, 재활용 기술경쟁",http://news.mk.co.kr/newsRead.php?no=983047&year=2021
290,[기고]일상으로 성큼 다가온 미래 모빌리티 서비스,http://www.etnews.com/20211029000080
291,"부품조달 차질에···현대車, 반도체 자체개발",https://www.sedaily.com/NewsView/22SQMC6V69
292,"현대트랜시스, 獨 브로제와 '미래차 시트 공동 개발한다'",http://www.etnews.com/20211013000155
293,"앞으로 30년 뒤, 한국서 석탄발전 완전히 사라진다",http://news.mt.co.kr/mtview.php?no=2021101811103972064
294,교통신호 식별…더 똑똑한 자율주행車 온다,http://news.mk.co.kr/newsRead.php?no=986900&year=2021
295,현대모비스 '90도 회전' 바퀴…자동차도 좌우로 게걸음한다,https://www.hankyung.com/economy/article/2021102492961
296,"[창간특집-강원도, 미래를 만나다]폭발위험 없고 무한생산 가능…동해·삼척 ...",http://www.kwnews.co.kr/nview.asp?aid=221102100018
297,게임株들의 반격…코스닥 시총경쟁 재점화,https://view.asiae.co.kr/article/2021102210044532993
298,"김근하 ""제조업은 값싼 인건비가 최고?…AI·IoT로 '맞춤형 제조' 전환해야""",https://www.hankyung.com/economy/article/2021101351941
299,OTA기술 개발 해외업체 나는데… 국내는 규제 갇혀 ‘답보’,http://www.segye.com/content/html/2021/10/04/20211004508763.html?OutUrl=naver
300,무인 로봇택시 1.6km에 3만원…이게 현실화될까?,http://news.mk.co.kr/newsRead.php?no=990719&year=2021
301,"[안희욱의 슬기로운 금융] 헝다 사태, 10여년 버블에 울리는 첫번째 경고음인...",http://news.kmib.co.kr/article/view.asp?arcid=0924212888&code=11171451&cp=nv
302,"""고용시장 코로나·디지털 태풍…충격 줄이려면 직업훈련 확 바꿔야""",https://www.hankyung.com/economy/article/2021092785411
303,"GV60, 모자 써도 얼굴 인식…""추워"" 말하면 알아서 온도 높여",https://www.hankyung.com/economy/article/2021093075341
304,"""이런 제네시스는 처음이지?"" 크리스탈스피어 장착 GV60 나온다",http://news.mk.co.kr/newsRead.php?no=931960&year=2021
305,"제네시스, 첫 전용전기차 GV60 공개…키 없이 문 열고 시동·주행",http://www.munhwa.com/news/view.html?no=2021093001072103353003
306,'첨단기술 다 모였네'...얼굴 인식해 도어 개폐·지문으로 시동걸고 주행,https://www.sedaily.com/NewsView/22RO0495YD
307,‘세방리튬배터리’ 광주공장 준공,https://www.donga.com/news/article/all/20211014/109716770/1
308,"현대차그룹, 북미 스타트업과 EV 협업 확대",http://news.heraldcorp.com/view.php?ud=20210929000489
309,대한민국 청정에너지 기술 다 모였다…2021 그린뉴딜 엑스포 개막,http://news.mt.co.kr/mtview.php?no=2021100609204980655
312,[오철우의 과학풍경] 배터리가 바꾸는 세상,https://www.hani.co.kr/arti/opinion/column/1013017.html
313,[MK TECH REVIEW] 도로위 달리며 모은 데이터 협업 클라우드가 처리…미래車 ...,http://news.mk.co.kr/newsRead.php?no=967900&year=2021
314,얼굴·지문인식 탑재…제네시스 첫 전용전기차 'GV60' 공개,https://www.hankyung.com/economy/article/2021093076831
315,"[단독] 삼성전자, TSMC에 선전포고…""평택2공장 증설해 2024년 풀가동""",http://news.mk.co.kr/newsRead.php?no=967108&year=2021
316,"""내리세요…앞으로 우리가 하겠습니다"" 로봇에 투자하는 완성차 업체",https://www.khan.co.kr/economy/industry-trade/article/202110032121055
317,"스타벅스 고객예치금 2.3조원, 일반은행 2배… 이제 모두가 경쟁자",https://www.chosun.com/economy/mint/2021/09/17/VQC7WIILLND5ZNE5VNDX46O3YM/?utm_source=naver&utm_medium=referral&utm_campaign=naver-news
318,"LG엔솔, ‘꿈의 전고체 배터리’ 상온충전 기술 개발 성공",https://www.chosun.com/economy/auto/2021/09/24/HKMKMQBJ5BFE3BJKCAVJG2RYSU/?utm_source=naver&utm_medium=referral&utm_campaign=naver-news
319,"현대차-LG엔솔, 印尼 배터리셀 합작공장 첫삽…2024년 양산",http://www.fnnews.com/news/202109151808414803
321,정부 탄소 감축 과속…산업계 곤혹,http://news.mk.co.kr/newsRead.php?no=957766&year=2021
322,포스코인터 자회사 포스코SPS “친환경차 수주 급증에 추석에도 풀가동”,https://www.sedaily.com/NewsView/22RKC0IRO7
323,"""공공 기술 사업화도 글로벌 창업 준비해야”-장기술 한국대학기술이전협회장",http://www.etnews.com/20211006000220
324,“신제품·신산업 혁신플랫폼 구축 지원해야”,http://www.munhwa.com/news/view.html?no=2021100501072139344001
325,현대모비스 ‘모빌리티 SW’ 전략 속도 낸다,http://news.heraldcorp.com/view.php?ud=20210927000565
326,"모베이스전자 ""車전장 2년내 매출 1조 클럽""",https://www.hankyung.com/economy/article/2021100439621
327,"현대차·LG엔솔, 印尼 배터리 합작공장 첫삽",http://www.dt.co.kr/contents.html?article_no=2021091502109932033007&ref=naver
328,"""막오른 모빌리티 시대, 배터리 다양성·원료 공급 중요""(종합)",http://www.edaily.co.kr/news/newspath.asp?newsid=03965526629180448
329,[류청희의 젠틀맨 드라이버]벤츠 마이바흐 100주년 럭셔리의 정수를 선보이다,https://www.donga.com/news/article/all/20210930/109488280/1
330,"현대차·LG엔솔, 인니 배터리셀 공장 착공…""연간 15만대분 생산""",http://news.mt.co.kr/mtview.php?no=2021091511020382062
332,'순환매' 배터리株…신규투자·수주 주목해야,https://www.hankyung.com/finance/article/2021090658361
333,"""이것이 미래차 기술"" 현대모비스 글로벌 비즈니스",http://www.dt.co.kr/contents.html?article_no=2021091402109932064003&ref=naver
334,"[Biz times] 당장의 실적은 왼손으로 미래 설계는 오른손으로…CEO, 양손잡이...",http://news.mk.co.kr/newsRead.php?no=907227&year=2021
335,[포토뉴스] GV60 세계 처음 공개,http://www.busan.com/view/busan/view.php?code=2021093019072632880
336,"소통없이 35% 탄소감축 일방결정···""NDC 못 맞추면 韓 떠나야할 판""",https://www.sedaily.com/NewsView/22RO05UF3A
337,[ET단상]유재무환(有材無患),http://www.etnews.com/20210930000144
338,IT 도시 뮌헨서…현대차·BMW·벤츠 '탄소제로 모빌리티' 대격돌,https://www.hankyung.com/economy/article/2021090533381
339,"미래 모빌리티 대세… 현대차, 탄소중립·수소전략 첫 공개 [세계 4대 모터쇼...",http://www.fnnews.com/news/202109051922207792
340,"""탄소 중립은 미래 에너지시장 이끌 열쇠...중장기 R&D 전략 세워야""",http://www.etnews.com/20210916000082
341,"주차장 내려 버튼 누르니, 車가 스스로 빈공간 찾아 주차",https://www.chosun.com/economy/auto/2021/09/08/BXSMOCNOQJEDFNA6AUTCVLNX6U/?utm_source=naver&utm_medium=referral&utm_campaign=naver-news
342,[기고] 규제 샌드박스가 바꾼 4차 산업 지형도,http://news.mk.co.kr/newsRead.php?no=880170&year=2021
343,"현대차그룹, '미래차 투자펀드' 2000억 조성…정부·금융계 손잡고 車부품사 ...",http://news.mk.co.kr/newsRead.php?no=834686&year=2021
344,獨 IAA 모빌리티 6일 개막…'車' 넘어 지속 가능한 '모빌리티' 시대로,http://www.etnews.com/20210903000127
345,"“얼굴로 문 열고 시동”...현대차, ‘키없이 자동차운행’ 시대 열다",http://news.heraldcorp.com/view.php?ud=20210916000622
346,애플카 핵심인력 또 이탈…기존 차 업체들 '뺏고 나누기' 생존싸움,http://news.mt.co.kr/mtview.php?no=2021090809472528831
347,제네시스 GV60 ‘얼굴만 보면 척척’…차 문 열어주고 운전환경 맞춤 설정,http://biz.khan.co.kr/khan_art_view.html?artid=202109162153005&code=920508
348,뇌파 인식해 자율주행…3분 만에 나는 플라잉카…콘셉트카 열전,https://www.hankyung.com/economy/article/2021090788371
349,코로나19 이후 첫 대면 오토쇼… 키워드는 ‘친환경’‘미래’,http://www.busan.com/view/busan/view.php?code=2021090717341874772
352,현대차 '수소대중화' 선언…2028년 버스·트럭에 수소차 전진배치,http://news.mk.co.kr/newsRead.php?no=864281&year=2021
353,‘탄소제로’ 청사진...미래 모빌리티 만나다,http://news.heraldcorp.com/view.php?ud=20210907000485
354,"그린차 시대, 그릴도 바뀐다",http://biz.khan.co.kr/khan_art_view.html?artid=202109062149005&code=920508
355,"""車·기계·로봇 산업 격변기…디지털 융복합에 사활 걸어야""",https://www.hankyung.com/society/article/2021092286851
356,"현대모비스, 유럽 이어 美 모터쇼 데뷔",https://www.hankyung.com/economy/article/2021091453971
357,"권영진 대구시장 ""보수 도시 대구? 이젠 물·로봇·자율차 혁신 실험장""",https://www.hankyung.com/society/article/2021090658651
358,주식형 ETF 순자산 50兆 시대…국내형 지고 해외형 뜬다,http://www.edaily.co.kr/news/newspath.asp?newsid=01098806629176512
359,"정의선 “제네시스, 고수익 탄소중립 전략 드라이브”",http://news.heraldcorp.com/view.php?ud=20210902000593
360,주식형ETF 순자산 50조 돌파···해외비중 2배 껑충,https://www.sedaily.com/NewsView/22RAO5L3KR
361,[미리보는 글로벌테크코리아 2021]<4ㆍ끝>친환경소재·모빌리티·AI '대표주자...,http://www.etnews.com/20210901000237
362,"스마트키 없이도 차문이 저절로, 주인 얼굴 알아보는 `제네시스`",http://www.dt.co.kr/contents.html?article_no=2021091602109932064002&ref=naver
363,"[사설] 성큼 다가온 미래車 시대, 제도·노사관행 다 바꿔야",https://www.hankyung.com/opinion/article/2021090786991
364,[車談숲]가열되는 EV시장 보폭 넓히는 中브랜드,https://view.asiae.co.kr/article/2021082711413327528
365,"디자인 지적받던 현대차는 옛말…아이오닉, 레드닷 17개 부분 수상",http://news.mk.co.kr/newsRead.php?no=818988&year=2021
366,'아이오닉5' 부품 들고 유럽 공략 나선 현대모비스..모터쇼 첫 참가,http://news.mt.co.kr/mtview.php?no=2021082308273055642
367,탄소중립정책 급발진…기업들 '패닉',http://news.mk.co.kr/newsRead.php?no=856732&year=2021
368,"현대모비스, 전동화 모듈시장 개척·현지화 속도낸다",http://www.dt.co.kr/contents.html?article_no=2021090502109932064003&ref=naver
369,모터쇼도 대혁신 이젠 모빌리티쇼,https://www.hankyung.com/economy/article/2021090533291
370,'MZ놀이터'넘어 업무·교육·채용… 다 되는 메타버스 세상 ['포스트코로나 플...,http://www.fnnews.com/news/202109121833208784
371,"""산학연 융합 생태계 조성… 나주를 대한민국 에너지수도로"" [로컬 포커스 자...",http://www.fnnews.com/news/202108181853587882
372,[기획]스마트시티 규제샌드박스 성과 한눈에,http://www.etnews.com/20210901000174
373,"[단독] 현대차, “친환경+자율주행 첨단물류 추진”… 전기·수소차, 무인로봇...",https://hankookilbo.com/News/Read/A2021090917170005545?did=NA
374,"[단신]현대자동차그룹, ‘레드닷 어워드’ 17개 디자인상 수상 外",https://www.donga.com/news/article/all/20210825/108760773/1
375,친환경·신사업 새 옷 입고… ‘쓰레기 산업’ 금광이 되다 [심층기획],http://www.segye.com/content/html/2021/08/30/20210830513598.html?OutUrl=naver
376,‘뜻밖 완패’ 이낙연...6일 공개일정 취소 ‘대책 논의’,http://news.heraldcorp.com/view.php?ud=20210906000531
377,"현대모비스, 獨 IAA 모빌리티 첫 참가…유럽 공략 본격화",https://view.asiae.co.kr/article/2021082310081599114
378,8일 한국판 ‘수소 서밋’…산업 생태계 구축 속도낸다,https://www.joongang.co.kr/article/25004577
379,"[시론] 탄소중립 달성, '어떻게'가 중요하다",https://www.hankyung.com/opinion/article/2021090532451
380,[류청희의 젠틀맨 드라이버]‘람보르기니 전설’ 쿤타치… 반세기 만의 부활,https://www.donga.com/news/article/all/20210826/108770239/1
381,이젠 ‘디자인 왕’ 현대차그룹… 올 레드닷 어워드 17개 수상,https://www.seoul.co.kr/news/newsView.php?id=20210825022011&wlog_tag3=naver
382,"현대차그룹, 세계적 디자인상 '레드 닷' 17개 수상",https://view.asiae.co.kr/article/2021082407541362530
383,"현대모비스, 유럽서 친환경 모빌리티 전략 대거 선보인다",http://news.heraldcorp.com/view.php?ud=20210823000442
384,소음 줄이고 접지력 높이고…전기차용 타이어 경쟁 '씽씽',https://www.hankyung.com/economy/article/2021081335961
385,[해외칼럼] 탄소 감축은 의지의 문제,https://www.sedaily.com/NewsView/22Q7MDY4YV
386,5년간 끊긴 대형 M&A 챙기고···글로벌 인재 영입 재개할 듯,https://www.sedaily.com/NewsView/22Q5CXL8Q1
387,"[미래기술25]③""OTA서비스 확대 핵심은 사이버 보안""",http://www.edaily.co.kr/news/newspath.asp?newsid=01236566629149288
388,"쌍용차 인수전 새 변수 나타났다…에디슨 모터스, 강성부 손잡고 1조 조달",http://news.mk.co.kr/newsRead.php?no=771690&year=2021
389,"현대모비스, 하이브리드 채용·全임직원 연 2회 AI교육 [인재가 곧 경쟁력…기...",http://www.fnnews.com/news/202108261823195552
391,"정의선 현대차 회장, 취임 300일 광폭 행보…'미래' 가는 길 닦았다",http://www.etnews.com/20210806000117
392,‘이동걸式 기업구조조정’ 논란… 결국 감사원 공익감사 도마에,http://www.munhwa.com/news/view.html?no=2021082501032003006001
393,삼성 미래 양 날개는 ‘시스템반도체·바이오’,https://www.chosun.com/economy/tech_it/2021/08/25/XWHW5YF63JGOLMOJNLCOPT2YJI/?utm_source=naver&utm_medium=referral&utm_campaign=naver-news
394,"[당신이 모르는 엑스포 스토리 ⑦] 에디슨과 테슬라의 전쟁, 시대 앞선 천재들...",http://www.busan.com/view/busan/view.php?code=2021081112391376008
395,현대차 디자인 빛났다···레드닷 어워드 17개상 싹쓸이,https://www.sedaily.com/NewsView/22QBB4G2CG
396,"“수업 통해 특허출원, 책 출판…사회와 연결되는 대학 돼야”",https://www.joongang.co.kr/article/25000749
397,"KEA, 전자·IT분야 스타트업 투자 지원 나선다",http://www.etnews.com/20210823000202
398,머스크 “주인 대신 쇼핑… 인간형 로봇 개발”,https://www.donga.com/news/article/all/20210820/108644486/1
399,[트렌드] 자발적 동승 '반반택시'…40년된 택시합승금지 규제 넘어,http://news.mk.co.kr/newsRead.php?no=776096&year=2021
400,‘안방 호랑이’ 현대차 제네시스 ‘글로벌 호랑이’ 될까,http://www.busan.com/view/busan/view.php?code=2021081017521866186
401,"[이슈분석] 포스코, 전문성·통찰력 이차전지 소재 선점 이끌었다",http://www.etnews.com/20210804000052
402,"현대차그룹·LG, 인도네시아에 배터리 합작공장 짓는다",https://www.chosun.com/economy/industry-company/2021/07/30/VRLZV5S5UJDBPPVVV3M65MVH5M/?utm_source=naver&utm_medium=referral&utm_campaign=naver-news
403,"현대차그룹-LG엔솔, 해외 첫 ‘배터리 합작사’",http://news.heraldcorp.com/view.php?ud=20210729000597
404,"현대차-LG엔솔 ""인도네시아에 합작공장""… 국내 자동차·배터리사 첫 합작사 ...",https://hankookilbo.com/News/Read/A2021072909230004741?did=NA
405,'점유율 1%' 미지의 인니 車시장…현대차그룹·LG엔솔 본격 공략(종합),https://view.asiae.co.kr/article/2021072911214153545
406,"[오션 뷰] 조선·해운산업, 세계와 초격차 벌려야",http://www.busan.com/view/busan/view.php?code=2021081518473975729
407,‘현기’가 집 비운 사이…테슬라는 빈집 털이,http://biz.khan.co.kr/khan_art_view.html?artid=202107262208055&code=920508
408,[특파원 리포트] 서울은 워싱턴만큼 절실한가,https://www.chosun.com/opinion/correspondent_column/2021/08/04/Z4HU3SFYNJGUHFE3BHINK2DYUI/?utm_source=naver&utm_medium=referral&utm_campaign=naver-news
409,옛것에 열광하는 젊은이들[2030세상/박찬용],https://www.donga.com/news/article/all/20210802/108329012/1
410,"현대차-LG에너지, 인도네시아 배터리 공장에 1조3천억 투자",https://www.hani.co.kr/arti/economy/marketing/1005693.html
415,치열해진 '탄소저감 올림픽'…LG·현대차 웃었다,https://www.hankyung.com/economy/article/2021080133871
416,폐수를 미생물 먹이로...옥수수 소재로 스니커즈 만든다,https://www.sedaily.com/NewsView/22Q3Y4X3J6
417,'내연기관·석탄발전' 사라지는 일자리…직무전환·재취업 정부가 나선다,http://news.mt.co.kr/mtview.php?no=2021072213115983489
418,"'전장' 달리는 삼성전기…""2026년까지 매출 비중 10%""(종합)",https://view.asiae.co.kr/article/2021072609134495417
419,유럽에만 배터리공장 38개 건설중…그야말로 '錢의 전쟁',https://www.hankyung.com/economy/article/2021080416921
420,"정의선 “고정밀 슈핑머신 기술, 올림픽 준비 큰 도음”",http://www.dt.co.kr/contents.html?article_no=2021080202109932064001&ref=naver
421,"[비즈 & 테크] 마린웍스…세계 유일 4대 자동항해장치 보유, ‘스마트선박’ ...",http://www.busan.com/view/busan/view.php?code=2021080117432064712
422,공주-천안-예산 특성화 캠퍼스 구현 맞춤 취업상담과 장학제도 지속 확대,https://www.donga.com/news/article/all/20210728/108208827/1
423,"현대자동차·기아, R&D 총력…미래차 전력 키운다",https://www.hankyung.com/economy/article/2021071901771
424,"""中독주 막아라""…K배터리, 美와 동맹 맺고 '2차전지 패권' 꿰찬다",https://www.hankyung.com/economy/article/2021070875131
425,공격적인 투자로 높은 수익 노린다,https://www.donga.com/news/article/all/20210716/107994672/1
426,지방으로 본사 옮기면 법인세 7년간 면제 [2021 세법개정 기업 세감면 확대],http://www.fnnews.com/news/202107261842453904
427,머스크가 불지핀 ‘○○데이’… 글로벌 車업체들 줄줄이 따라하네,https://www.chosun.com/economy/auto/2021/06/24/B3JEKPWUCBCUXMJ7VSJNS2XL5Q/?utm_source=naver&utm_medium=referral&utm_campaign=naver-news
428,[시론] 미래차 개발은 조직문화 혁신부터,https://www.hankyung.com/opinion/article/2021070610441
429,<친환경이 경쟁력이다>美환경보호청 에너지스타상 ‘공로 大賞’ 수상… 외국...,http://www.munhwa.com/news/view.html?no=2021072201032603024001
430,"[데스크가 만났습니다] 김동환 하나벤처스 대표 ""롤모델 될 수 있는 VC로 성장...",http://www.etnews.com/20210709000117
431,배터리·드론 등 유망산업에 투자 몰려 [주간 VC 동향],http://www.fnnews.com/news/202107111726222528
432,"한·호주 ""핵심광물 수급안정 협력 강화""",https://www.sedaily.com/NewsView/22OZ1USO8L
433,"""탄소중립 기술혁신 승리자가 미래 변화를 주도할 것""",http://www.etnews.com/20210716000055
434,"""전기 SUV 쏟아진다"" 하반기 신차 40종 불꽃 레이스",http://www.etnews.com/20210625000128
435,"현대모비스, 年 1000여건 친환경 특허·인증",https://www.hankyung.com/economy/article/2021071893711
436,"현대모비스, 세계 최초로 '계기판 없는 헤드업디스플레이' 개발했다",https://www.sedaily.com/NewsView/22NRE69SWS
437,"[현장]'리테일테크' 향연…쿠팡·쓱닷컴, 디지털 기술 뽐냈다",http://www.etnews.com/20210623000133
438,"현대차그룹, '그랩'과 전략적 파트너십 강화…동남아 EV 확장",https://view.asiae.co.kr/article/2021062309303061300
439,[시론] 지금의 에너지 전환은 혁명인가?,https://www.hankyung.com/opinion/article/2021071379481
440,대구서 운전 필요 없는 '레벨4' 자율주행車 달린다,https://news.imaeil.com/Economy/2021071216560243819
441,"현대모비스, `주행 친화적` 세계 최초 '클러스터리스 HUD' 개발",http://www.edaily.co.kr/news/newspath.asp?newsid=01846646629085000
442,車업계 “이젠 그릴이다”… 디자인 경쟁 가속,http://news.kmib.co.kr/article/view.asp?arcid=0924196775&code=11151400&cp=nv
443,"車 그릴의 진화···현대모비스, 조명 기능 적용한 그릴 개발",https://www.sedaily.com/NewsView/22NO7KS1VD
444,"붉은 대륙의 ‘녹색 패권’… 세계 태양광·풍력시장, 이미 中이 장악",https://www.chosun.com/economy/tech_it/2021/07/08/BQZPIG4GBRE33JUY2KAFOEHRMA/?utm_source=naver&utm_medium=referral&utm_campaign=naver-news
445,[특별기고] 포스트 코로나 시대와 가속화하는 전동화시장,http://news.heraldcorp.com/view.php?ud=20210615000623
446,"현대車, 中에 자율주행 연구소 세운다...미래차 시장공략 속도전",https://www.sedaily.com/NewsView/22NOOU0G9C
447,"정유·화학 공장 많은 울산, 세계적 수소경제 중심지로",http://news.mk.co.kr/newsRead.php?no=645171&year=2021
448,"""현대차·도요타 비켜""…항공·철도 수소사업 뛰어든 GM",http://www.dt.co.kr/contents.html?article_no=2021062402101332064001&ref=naver
449,"“G7정상, 2030년까지 신규 승용차 대부분 非휘발유·경유 선언 검토”",http://news.heraldcorp.com/view.php?ud=20210611000563
453,"제네시스, 반도체 수급난에도 ‘질주’… 韓·美 역대 최대 실적",http://www.fnnews.com/news/202106101819335600
454,‘변화 넘어 진화 시작’...제네시스 ‘리:크리에이트’ 특별 전시,http://news.heraldcorp.com/view.php?ud=20210610000664
455,커지는 회의론…‘자율주행’ 실현 어려운 5가지 이유,http://www.hani.co.kr/arti/economy/marketing/1000146.html
456,기아 ‘EV6’ 첫 대중 공개...주행 성능·기능 활용 체험,http://news.heraldcorp.com/view.php?ud=20210609000434
457,"포스코케미칼, 하이니켈 양극재 플랫폼 개발 나서",http://news.heraldcorp.com/view.php?ud=20210609000746
458,'K-배터리' 최고 기술력 선뵌다…인터배터리 내일 개막,http://www.edaily.co.kr/news/newspath.asp?newsid=01977846629079752
459,"K-배터리, 차세대 기술 경연 나선다…'인터배터리 2021' 9일 개막",http://www.etnews.com/20210608000104
461,"현대차그룹, 협력관계 맺으면 평균 33년 거래…해외 동반진출·R&D 도와",http://news.mk.co.kr/newsRead.php?no=624772&year=2021
462,"미국 간 정의선, 미래기술 구상?… 자율주행·로봇 현장점검",https://www.chosun.com/economy/auto/2021/06/17/YDJUV3DXAVCCNOKWRWUHPN2L64/?utm_source=naver&utm_medium=referral&utm_campaign=naver-news
463,1번 충전 600㎞ 주행·18분만에 충전… 차세대 배터리 첫선,http://news.kmib.co.kr/article/view.asp?arcid=0924195267&code=11151400&cp=nv
464,역대 최대 ‘K-배터리 경연’...차세대 충전·재활용 기술 총출동,http://news.heraldcorp.com/view.php?ud=20210608000482
465,[GIST K-디지털 직업훈련]3개 참여업체와 '원팀' 구성,http://www.etnews.com/20210614000237
466,"[문대통령, 4대그룹 오찬] 기업에 힘실어준 文… 투자 물꼬 확 터지나",http://www.dt.co.kr/contents.html?article_no=2021060302150332064001&ref=naver
467,소재부품서 대기업까지...지자체들 투자 유치전,https://www.sedaily.com/NewsView/22NRFBV46J
468,"현대모비스, 세계 최초 '계기판 없는 헤드업디스플레이' 개발",http://www.etnews.com/20210624000082
469,"""기후변화 위기 속 소비자 친환경 제품 요구 커""",https://www.hankyung.com/economy/article/2021062366121
470,[정인교 칼럼] 반도체 공급망 확충 위한 美 전방위 경제외교,https://www.sedaily.com/NewsView/22NQISLBY2
471,사자 송곳니 DRL...터프한 이미지 변신 ‘디젤 명가’다운 깔끔한 주행질감 선...,http://news.heraldcorp.com/view.php?ud=20210622000558
472,‘구광모의 LG’ 3년… 선택과 집중 행보 가속도,http://www.segye.com/content/html/2021/06/21/20210621513537.html?OutUrl=naver
473,"현대자동차그룹, 전기·수소·AI… ‘미래차’ 만들어 갈 부품사들 키우는 20...",https://www.seoul.co.kr/news/newsView.php?id=20210526019014&wlog_tag3=naver
474,"모터에 실려올 미래…노동 위기냐 상생의 새 기회냐, 선택은 우리 손에 [이광...",http://news.khan.co.kr/kh_news/khan_art_view.html?artid=202104292229005&code=920508
475,"""자율주행하고 있어요""…車 그릴, 色으로 말한다",https://www.hankyung.com/economy/article/2021061703731
476,靑 “오스트리아 국빈방문” SNS에 독일 국기… 또 논란,https://www.donga.com/news/article/all/20210617/107474195/1
477,정의선이 찜한 로봇·자율주행… 보스턴서 '현대차 미래'봤다 [美현장경영 핵...,http://www.fnnews.com/news/202106161843242249
478,[이슈분석]전고체 배터리 소부장 업체도 같이 뛴다,http://www.etnews.com/20210616000078
479,[사설]'배터리의 날' 필요하다,http://www.etnews.com/20210614000207
480,"한국 기업들, 미국에 400억달러 대규모 투자 발표",http://news.khan.co.kr/kh_news/khan_art_view.html?artid=202105220200025&code=910302
481,"한국, 미·중 ‘줄타기’서 미국으로 ‘한 발 더’ [뉴스분석]",http://news.khan.co.kr/kh_news/khan_art_view.html?artid=202105232319005&code=910302
482,文대통령 19일 訪美…22일 바이든과 첫 회담,http://news.mk.co.kr/newsRead.php?no=481522&year=2021
483,[타 보니] '포르쉐 타이칸 4S' 인증거리보다 100km 더 달린다고?,http://www.busan.com/view/busan/view.php?code=2021051818103073974
484,"정부, 유턴기업 법인세 감면요건 완화···철근 구매 경영안정자금 지원",https://www.sedaily.com/NewsView/22NKJI6QBB
485,"[트렌드] ""에너지로 가치 창출하는 시대, 크로커스에 맡기세요""",http://news.mk.co.kr/newsRead.php?no=554409&year=2021
486,길만 찾는 내비?… 통행료 결제하고 세차관리까지 해줘요,https://www.chosun.com/economy/tech_it/2021/05/20/ZGLVQ4KFHNE55AUL6BTX6YZKGI/?utm_source=naver&utm_medium=referral&utm_campaign=naver-news
487,미래시장 선점 위해 모빌리티 ‘아토즈’ 구축 속도 높인다,http://news.joins.com/article/olink/23653080
488,[사설] 한·미 백신·반도체 협력… 동맹 간극 메울 기회다,http://www.segye.com/content/html/2021/05/16/20210516508385.html?OutUrl=naver
489,‘소송전’ 끝났지만… 최태원-구광모 식지 않는 배터리 경쟁 열기,https://www.seoul.co.kr/news/newsView.php?id=20210512021012&wlog_tag3=naver
490,SK㈜ `솔리드에너지`에 400억 추가 투자,http://www.dt.co.kr/contents.html?article_no=2021051102109932033003&ref=naver
491,[사설] 백신 생산기지 구축… 글로벌 공급망 주도 계기 삼길,http://www.segye.com/content/html/2021/05/23/20210523507978.html?OutUrl=naver
492,"경북TP 무선전력전송기술센터, WPC 국제규격 인증시험 가능 전용 장비 도입",http://www.etnews.com/20210604000086
493,"경북도, 자동차 산업 생태계 전환에 역량 집중한다",https://news.imaeil.com/Economy/2021042622320562279
494,"계명대, 디지털 혁신공유대학 2개 분야 동시 선정…지역 4년제 유일",https://news.imaeil.com/Education/2021050714470107601
495,에너지·기후변화… 세계 패권지도 흔든다,http://www.segye.com/content/html/2021/05/07/20210507510958.html?OutUrl=naver
496,'국민 동의' 없었던 탈원전···'손실 짐'은 국민에 지운다,https://www.sedaily.com/NewsView/22NGVZ19ZR
497,한강공원에 CCTV 탑재한 ‘맞춤형 스마트폴’ 설치한다,http://news.kmib.co.kr/article/view.asp?arcid=0924192408&code=11131400&cp=nv
498,文 반도체 사절단 이끌고 미국간다…조지아 SK 배터리공장 방문,http://news.mk.co.kr/newsRead.php?no=481497&year=2021
499,"SK㈜, 美 솔리드에너지 3대 주주로",https://www.hankyung.com/economy/article/2021051117571
500,아이오닉5 신개념 전시 ‘MZ 핫플’로,http://news.heraldcorp.com/view.php?ud=20210518000299
501,"현대차 노사, '미래차 산업 전환' 공동 대응…고용 불안 없앤다",http://www.etnews.com/20210514000167
502,국내 `모빌리티` 중심 이종결합 활발,http://www.dt.co.kr/contents.html?article_no=2021050402100332033001&ref=naver
503,"반도체 부족·노사갈등으로 경영난 가중… ""고용 유연성 확보 위한 규제 완화...",http://www.dt.co.kr/contents.html?article_no=2021052602100332064001&ref=naver
504,"밀착한 한미동맹, 커진 ‘차이나 리스크’",https://www.donga.com/news/article/all/20210524/107075619/1
505,"화승그룹, 핵심 소재 발판 ‘미래 먹거리’ 발굴 나서",http://www.busan.com/view/busan/view.php?code=2021052318575984581
506,"韓美, 안보 넘어 기술·백신동맹···'安美經中' 등돌린 文",https://www.sedaily.com/NewsView/22MH0RO13I
507,"""코로나로 보호무역주의 확산···하도급 中企, 체질 개선 필요""",https://www.sedaily.com/NewsView/22MH17GDNA
508,[세계의 창] 리튬이온·전고체 배터리 강국 꿈꾸는 영국,https://www.hankyung.com/opinion/article/2021051071401
509,"경북도, 미래자동차 산업 생태계 전환 역량 집중",http://news.kmib.co.kr/article/view.asp?arcid=0924189009&code=11131421&cp=nv
510,“전기·내연기관車 동시 조립… ‘팩토리56’은 미래 생산기지”,http://www.segye.com/content/html/2021/04/25/20210425507442.html?OutUrl=naver
511,[부동산 단신] 포천 금호어울림 센트럴 24일부터 계약 외,http://www.segye.com/content/html/2021/05/20/20210520514233.html?OutUrl=naver
512,[서초포럼] 미·중 패권경쟁과 디커플링,http://www.fnnews.com/news/202105201707056557
513,워싱턴 찾은 문 대통령 '백신 담판' 나선다,http://www.etnews.com/20210520000200
514,"[人사이트]워런 클라크 벤틀리코리아 총괄 ""올해 500대 판매…세계 5위 시장 ...",http://www.etnews.com/20210520000013
515,“안전사고 예방”… CCTV 부착 스마트폴 190개 늘린다,https://www.donga.com/news/article/all/20210520/107018265/1
516,<북리뷰>‘에너지 지도’를 보면 세계 패권이 보인다,http://www.munhwa.com/news/view.html?no=2021050701031212000001
517,[2021 명품대구경북박람회]스마트 그린도시 상주시,https://news.imaeil.com/Sangju/2021051322261143216
518,"기아, 싱가포르서 ‘실시간 차량 진단’ 사업",https://www.donga.com/news/article/all/20210519/107005704/1
519,[문화와 삶] 소비자주의 대 생태주의,http://news.khan.co.kr/kh_news/khan_art_view.html?artid=202105060300115&code=990100
520,"""바이든, 핵심산업 中 의존도 낮출 것…한국엔 對美 무역확대 기회""",https://www.hankyung.com/international/article/202105170638i
521,"“반도체, 용수 확보에만 1년… 규제 막힌 한국, 남은 시간 별로 없다”",https://www.chosun.com/opinion/column/2021/05/17/TJLUDV3KJ5FATMB6FOWGIK25FE/?utm_source=naver&utm_medium=referral&utm_campaign=naver-news
522,[ET단상]ESG와 기술,http://www.etnews.com/20210429000151
523,"정의선·조현준 그룹 총수 올랐다‥재계, `젊은 리더십` 바람",http://www.edaily.co.kr/news/newspath.asp?newsid=03257046629021040
524,'울산 미래 50년' 이끌 벤처 키운다,https://www.hankyung.com/society/article/2021041924601
525,"금양, 독보적 초미세 가공 노하우로 ‘수소연료전지’ 상용화 이끈다",http://www.busan.com/view/busan/view.php?code=2021042718272522375
526,"""리튬값 3년 만에 빅사이클…'리튬' 담은 ETF 사라""",https://www.hankyung.com/finance/article/2021041437191
527,[매일 탑 리더스 아카데미 강연] 박영숙 유엔미래포럼 대표,https://news.imaeil.com/People/2021042711421505399
528,[상생 경영] 코로나 팬데믹 견디고…대기업·中企 상생으로 힘찬 도약,http://news.mk.co.kr/newsRead.php?no=402321&year=2021
529,'4兆 육박' 지방세 감면 연말 일몰..임대사업자 세제혜택 최대 쟁점,http://www.fnnews.com/news/202105091749397534
530,"LG-SK, K배터리 美 비중 확대… 2차전지 소재업체도 날개 단다",http://www.fnnews.com/news/202104121825136809
531,에너지 新패권지도의 경고… 한국은 어떻게 살아남을까,https://www.seoul.co.kr/news/newsView.php?id=20210507020007&wlog_tag3=naver
532,현대모비스 '글로벌·혁신·신성장' 키워드로 미래車 시장 공략(종합),http://www.edaily.co.kr/news/newspath.asp?newsid=03890086628988896
533,[기고] 건설기계 안전성평가기술 개발 지원 시급,http://news.khan.co.kr/kh_news/khan_art_view.html?artid=202105060300025&code=990304
534,빛보는 대구 '5+1 신산업'…660개 관련기업 부가가치 3.5兆 창출,https://www.hankyung.com/society/article/2021042229921
535,"'배터리 대타협' SK·LG, 새 출발 징표는 '분리막·동박'",http://news.mt.co.kr/mtview.php?no=2021041416390712565
536,'新가전 3인방' 덕에 LG전자 물만났네…올 이익 4조 간다,http://news.mk.co.kr/newsRead.php?no=390351&year=2021
537,"기아 EV6, 유럽 사전예약 대박 조짐",https://www.hankyung.com/economy/article/2021050511981
538,"[동아광장/이성주]위기의 대학, 개방과 협력만이 살길이다",https://www.donga.com/news/article/all/20210412/106375865/1
539,"요동치는 글로벌 산업재편, 합작·제휴 줄잇는다",http://www.dt.co.kr/contents.html?article_no=2021050402100151781001&ref=naver
540,[상장기업분석] 첨단 제조업 클린룸 시장 강자 '원방테크',http://www.etnews.com/20210416000128
541,"[Car&Fun]""미래차 시대 대비""...기아 노사, 스마트 공정 공유",https://www.sedaily.com/NewsView/22KYC2COKX
542,"현대모비스 ""5년 안에 스마트폰으로 車운전""",http://www.dt.co.kr/contents.html?article_no=2021040102101332064001&ref=naver
543,"[이슈분석] 현대차그룹, 4년간 미래 기술에 5조원 이상 투자",http://www.etnews.com/20210316000050
544,[미리보는 WIS 2021]〈상〉언택트 시대 리딩할 혁신기술 한자리에,http://www.etnews.com/20210413000178
545,성능괴물 기아 ‘EV6’… 3000만원대ㆍ1번 충전에 부산까지 넉넉,http://www.dt.co.kr/contents.html?article_no=2021033002109932064002&ref=naver
546,더 강해진 한국GM 볼트EV…주행거리 '동급 최강',https://www.hankyung.com/economy/article/2021033065741
547,'민관 스크럼' 美·유럽 기술패권 본색···韓은 '기업=적폐' 주홍글씨,https://www.sedaily.com/NewsView/22KYDUH6WB
548,"SK이노 배터리 재활용 기술, 미 국립 연구기관서 친환경 검증",https://hankookilbo.com/News/Read/A2021032909280004030?did=NA
549,"[김동환의 궤적]<5>저성장의 늪, 벗어날 수 있는 방법",http://www.etnews.com/20210412000151
550,"LG-SK 합의, 韓 배터리 다시 뛴다…中과 대결에 폭스바겐 대응까지",http://news.mt.co.kr/mtview.php?no=2021041111104347624
551,애플이 탐낸 현대차 '아이오닉 5' 공개..車문화 패러다임 바꾼다,http://www.edaily.co.kr/news/newspath.asp?newsid=04660886628953472
552,AI 교통시스템 등 혁신 기술 한눈에,http://www.segye.com/content/html/2021/04/21/20210421515805.html?OutUrl=naver
553,美는 車 무선업데이트 허용하는데···국내선 '불법 서비스',https://www.sedaily.com/NewsView/22JY0RKQWT
554,中 정부 긴축 조짐에 힘빠진 '원자재 랠리',https://www.hankyung.com/international/article/2021032950911
555,시진핑 “내정간섭·신냉전 반대”… 보아오포럼서 美에 직격탄,http://www.munhwa.com/news/view.html?no=2021042001030639274001
556,국산 타이어업계도 미래차 시대 준비태세 갖춘다,http://www.edaily.co.kr/news/newspath.asp?newsid=03398086628985944
557,"현대차그룹, '미래車 진출' 부품사 지원…초고속 충전기 120기 설치",http://news.mk.co.kr/newsRead.php?no=175010&year=2021
558,"삼성SDS, IT솔루션 기업으로 도약…영업익 1조클럽 달성 눈앞",http://news.mk.co.kr/newsRead.php?no=277446&year=2021
559,[사설] 산업 패권 전쟁 돌입···초격차 기술 메가플랜 서둘러야,https://www.sedaily.com/NewsView/22L3SKA5P6
560,차량 유리창 모두 디스플레이 역할… 투명창 전환하면 바깥 풍경 한눈에,https://www.seoul.co.kr/news/newsView.php?id=20210401021014&wlog_tag3=naver
561,“인간과 AI 함께 더 많은 일자리 만들 것… ‘슈퍼 고용시대’ 온다”,https://www.donga.com/news/article/all/20210401/106186294/1
562,현대모비스 '플랫폼 기업'으로 전환 시동,https://www.sedaily.com/NewsView/22K0TFMNJE
563,"""볼트·너트 잘가""…현대모비스, 부품사에서 '플랫폼 회사'로",http://news.mt.co.kr/mtview.php?no=2021033109250799966
564,"""퍼스트 클래스 앉은 듯""… 미래車 시대 연 `스타리아`",http://www.dt.co.kr/contents.html?article_no=2021041302109932064006&ref=naver
565,[사설]공생 중요성 일깨운 SK-LG 배터리 소송 극적 합의,https://www.donga.com/news/article/all/20210411/106357112/1
566,[이건호 칼럼] 현대차가 OTA 임시허가 받은 사연,https://www.hankyung.com/opinion/article/2021030894311
567,[경제 칼럼] 기술 발전이 가져다줄 새로운 기회,https://news.imaeil.com/Satirical/2021040615282023662
568,천정부지로 치솟던 니켈값…이틀새 16% 곤두박질 왜?,https://www.hankyung.com/international/article/2021030709331
569,"[사설] 정부가 키운 노동기득권, '미래 먹거리'까지 막을 건가",https://www.hankyung.com/opinion/article/2021032252291
571,"4인승 엠비전 X, 360도 유리창 스크린… 공연 등 감상",http://www.munhwa.com/news/view.html?no=2021040501032603353002
572,'계륵' LG폰 접는다…구광모의 '뉴LG' 가속,http://www.edaily.co.kr/news/newspath.asp?newsid=03558806629013168
573,"車 유리창이 스크린으로…스마트폰으로 운전하고, 옆으로 움직이는 자동차",https://www.hankyung.com/economy/article/2021033147381
574,"현대모비스, 모빌리티 기술기업으로 전환...車 반도체도 내재화",http://www.etnews.com/20210331000220
575,"[DT현장] K-배터리, 적은 정말 내부에 있나",http://www.dt.co.kr/contents.html?article_no=2021030202102269781001&ref=naver
576,“3100억에 산 포스코 소금호수 35조 추산”,https://www.donga.com/news/article/all/20210304/105729106/1
577,"영풍, 글로벌 2차전지 시장에 도전...""국책연구기관, 중소기업과 협력""",https://hankookilbo.com/News/Read/A2021032813260001037?did=NA
578,"""기술혁신 뛰어난 한국, 탄소중립 경제에 성장 기회 있다""",http://news.mk.co.kr/newsRead.php?no=178738&year=2021
579,'주식 대세 ESG'…친환경 투자로 돈벌고 싶다면 전략 이렇게 짜라,http://news.mk.co.kr/newsRead.php?no=120540&year=2021
581,"미래차 투자펀드 2천억 결성…현대차 ""中企와 함께 달린다""",http://news.mk.co.kr/newsRead.php?no=119898&year=2021
582,"현대차그룹, 정부와 2,000억 '미래차 펀드' 조성",https://www.sedaily.com/NewsView/22IEH523V0
583,"현대차, 2000억 펀드 ‘미래차 생태계’ 동참",http://www.fnnews.com/news/202102041756234005
584,2030년까지 친환경차 785만 대 보급·온실가스 24% 감축,http://www.busan.com/view/busan/view.php?code=2021021807120361632
585,변신하는 철강업계… 전기·수소차 소재 개발 총력전,http://www.munhwa.com/news/view.html?no=2021021801032239176001
586,"현대차는 아이오닉5 내부, GM은 자율주행 ‘볼트’ 공개",https://www.chosun.com/economy/auto/2021/02/16/D2CO432OQJELHOC4TORDB6VCSY/?utm_source=naver&utm_medium=referral&utm_campaign=naver-news
587,"[이슈분석] 정부, 차량용 반도체 자립화 '시동'…미래 먹거리 선점한다",http://www.etnews.com/20210316000059
588,"中과 패권다툼 확전 땐 낭패···美, 첨단소재 자급화 속도 낸다",https://www.sedaily.com/NewsView/22ILDIW6QD
589,[CES 2021] '신사업·전환' CES 화두로…생존 위한 변화 알려,http://www.etnews.com/20210113000195
590,[CES 2021]현실로 다가온 '자율주행·사물지능'…미래 모빌리티 눈앞에,http://www.etnews.com/20210112000139
591,터널부 없애고 디지털 사이드미러… “아이오닉5 미래차 이미지”,https://www.donga.com/news/article/all/20210224/105601199/1
592,테슬라가 바꾼 모빌리티 패러다임…종착역은 '자율주행 비행체',https://www.hankyung.com/international/article/2021020773621
593,미래차 인프라 구축에 동승한 민관,http://www.segye.com/content/html/2021/02/04/20210204515889.html?OutUrl=naver
594,"[Biz times] ""韓경제 내년 2분기 바운스백…세계평균보다 한박자 빨라""",http://news.mk.co.kr/newsRead.php?no=115843&year=2021
595,"정의선, 로봇기업 인수 등 과감한 빅딜...'혁신 모빌리티' 전환 가속",https://www.sedaily.com/NewsView/22HAIT14GS
596,[기자수첩] 가상현실과 후사경주의,http://www.etnews.com/20210218000176
597,대구시 미래성장 가로막는 규제 혁신에 나서,https://news.imaeil.com/Society/2021020520535852929
598,GM의 韓 연구개발센터 `주목`...글로벌GM 미래전략 첨병으로,http://www.dt.co.kr/contents.html?article_no=2021013102109932064003&ref=naver
599,"‘자동차 공룡’ 스텔란티스, 단숨에 세계 4위로",http://news.kmib.co.kr/article/view.asp?arcid=0924174663&code=11151400&cp=nv
601,[사설] LG 승소한 배터리 전쟁 신속한 합의로 국익손실 최소화해야,http://news.mk.co.kr/newsRead.php?no=145931&year=2021
602,미래 성장분야 과감한 투자 먹거리 발굴,http://www.dt.co.kr/contents.html?article_no=2021030302101632033003&ref=naver
603,K수소 어벤져스 떴다..SK-현대차-포스코 '삼각동맹' 탄력,http://news.mt.co.kr/mtview.php?no=2021030113461546198
604,“테슬라 반노조 영향력 절대적” 국내 부품 협력업체에도 ‘불똥’,http://www.hani.co.kr/arti/economy/economy_general/980698.html
605,[이슈분석] 'K-배터리' 코로나19 뚫고 유럽 투자 러시,http://www.etnews.com/20210127000117
606,규제 샌드박스 2년간 1.4조 투자유치·2800명 일자리 창출했다,http://www.edaily.co.kr/news/newspath.asp?newsid=04785526628946584
607,"[D파이오니어를 만나다] ""8대 솔루션 글로벌 승부… 세계시장에 K스마트 기술...",http://www.dt.co.kr/contents.html?article_no=2021012702100531650001&ref=naver
608,"[이건호 칼럼] 기업은 디지털 혁신, 규제는 아날로그",https://www.hankyung.com/opinion/article/2021012505651
609,끝없는 혁신·혁신…삼성·LG 세계적 기술력 뽐냈다,http://news.heraldcorp.com/view.php?ud=20210114000598
610,"SK㈜, 4대 핵심사업 중심 ‘투자전문회사’ 진화 가속화",http://www.edaily.co.kr/news/newspath.asp?newsid=01305446628921000
611,"한달간 테슬라 -23%, 애플 -15%...서학개미는 웁니다",https://www.chosun.com/economy/economy_general/2021/02/26/FNIRZWGNQVABBHJKJSUTJ2QYR4/?utm_source=naver&utm_medium=referral&utm_campaign=naver-news
612,"현대차 “애플과 협상 중단”…멈춤이냐, 결렬이냐 ‘예측 분분’",http://www.hani.co.kr/arti/economy/economy_general/982361.html
613,"정의선 ""친환경차 티어1 도약...올 글로벌 판매 708만대 목표""",https://www.sedaily.com/NewsView/22H4KB9VVD
614,로봇이 일상 돕고 발표회까지... `뉴노멀` 혁신기술 총집합,http://www.dt.co.kr/contents.html?article_no=2021011102100232033001&ref=naver
615,"'차 아닌 차 나온다'…삼성·현대차 모빌리티 교감확대, 왜?",http://news.mt.co.kr/mtview.php?no=2021012809185925100
616,‘IT 공룡’들 미래차 진출 속도… K-자동차도 액셀 밟을까 [이슈 속으로],http://www.segye.com/content/html/2021/02/04/20210204520862.html?OutUrl=naver
617,데이터 활용 규제 확 푼다...지재위 'AI·데이터 지식재산 혁신전략' 의결,http://www.etnews.com/20210223000159
618,폭발위험 없는 꿈의 배터리 ‘전고체전지’ 대량생산길 열렸다,http://news.heraldcorp.com/view.php?ud=20210222000494
619,'미래차 부품사' 육성 위해 2000억 펀드 만든다,https://www.hankyung.com/economy/article/2021020499031
620,"현대차 ""초고속충전 시스템, 대중 브랜드 최초 적용""",http://www.edaily.co.kr/news/newspath.asp?newsid=02177926628918704
621,"""규제샌드박스 2년, 혁신 실험장 역할.. 1조4000억 유치·일자리 2800명 창출...",http://www.fnnews.com/news/202102021819324466
622,국산차 2년 연속 '수출왕' 오른 현대차 SUV는,http://news.mk.co.kr/newsRead.php?no=73814&year=2021
623,"급성장하는 클린에너지, 장기·분산 투자를",https://www.hankyung.com/economy/article/2021010315051
624,[김효근의 미학경영] 기술미학 넘어 예술사회로,https://www.hankyung.com/opinion/article/2021012078401
625,"현대차 쏘아올린 K수소경제, 포스코가 함께 키운다",http://news.mt.co.kr/mtview.php?no=2021021613320098992
626,[CES 2021]코로나19가 앞당긴 미래 기술…삼성·LG 신제품 주목,http://www.edaily.co.kr/news/newspath.asp?newsid=04362406628917064
627,"현대모비스, 자율주행 독자 센서로 미래車 선도",https://www.hankyung.com/economy/article/2021021568681
628,소재·그린·바이오·디지털…SK의 '투자 본능',https://www.hankyung.com/economy/article/2021021568781
629,"명신산업 상장 흥행 '화려한 복귀'…""올해 프리 IPO로 도약 발판 마련""",https://www.hankyung.com/finance/article/2021021568871
630,"[CES 2021]사용패턴 학습해 운전···""자율주행 기술, 인간보다 1,000배 안전...",https://www.sedaily.com/NewsView/22H87Q99LZ
631,"정의선, 회장 취임 후 첫 해외 출장… 싱가포르 총리와 면담",https://www.chosun.com/economy/industry-company/2021/01/29/OJDJZNRTXVA5DL2JOMQDKOQ3HU/?utm_source=naver&utm_medium=referral&utm_campaign=naver-news
632,"상하이에 띄운 드론이 원격 답사, 서울 KIC 본사 “투자해도 되겠어”",https://www.chosun.com/economy/economy_general/2021/02/15/GHUKYIJFZZEBRHT5544DU3FTQ4/?utm_source=naver&utm_medium=referral&utm_campaign=naver-news
633,"만도, 운전대-바퀴 분리 첨단시스템 공개",https://www.donga.com/news/article/all/20210110/104855609/1
634,`디지털 전환` 넘어 `문명적 전환` 온다,http://news.mk.co.kr/newsRead.php?no=29091&year=2021
635,"정부, 비대면·온라인 유통 제품 안전관리 강화",http://www.etnews.com/20210114000080
636,[車반도체 수급난]산업 지형 바꾸는 코로나19…공급난 앞당겼다,https://view.asiae.co.kr/article/2021012509442989746
637,"SK, 첨단소재·그린·바이오·디지털 ‘4대 핵심사업’에 투자",http://www.fnnews.com/news/202101241723487937
638,"구글 로보택시, 올해부터 영업한다",http://news.mk.co.kr/newsRead.php?no=16896&year=2021
639,정의선 현대차 회장 “협력업체 직원 사망…안전한 환경 조성 노력해달라”,http://www.hani.co.kr/arti/economy/marketing/977139.html
642,[CES 2021] 코로나發 사상 첫 ‘온라인 CES’… ‘AI·5G·언택트’ 3대 화두,http://news.heraldcorp.com/view.php?ud=20210111000686
643,"[재계가 뛴다] 소처럼 우직하게…기업, 올해도 위기돌파 앞장선다",http://news.mk.co.kr/newsRead.php?no=4588&year=2021
644,[사이언스온고지신]탄소 중립과 에너지 효율 향상 기술,http://www.etnews.com/20210205000077
645,"현대車, 정부 등과 2000억 펀드… 미래차 투자",https://www.donga.com/news/article/all/20210204/105290106/1
646,[편집국에서] 영어사전에서 ‘재벌’이란 단어가 사라지는 날,http://news.khan.co.kr/kh_news/khan_art_view.html?artid=202102050300035&code=990100
647,"<코로나19 충격, 新산업& 新인재로 돌파한다>차세대 기술 ‘능력자’ 확보·디...",http://www.munhwa.com/news/view.html?no=2021010701032703006001
648,[마켓인]美서도 벤처투자 신기록…지난해만 1300억달러 투자,http://www.edaily.co.kr/news/newspath.asp?newsid=01361206628919032
649,[fn시평] 주가 수준이 너무 높다고?,http://www.fnnews.com/news/202102031801121967
650,바이오·배터리·인터넷·플랫폼…산업구조 ‘신성장’ 재편이 증시 불지펴,http://www.hani.co.kr/arti/economy/finance/977610.html
651,10여년 혹독한 담금질… 품질·안전성 갖춘 ‘명차’로 질주 [K브랜드 리포트...,http://www.segye.com/content/html/2021/01/05/20210105513617.html?OutUrl=naver
652,"'틈새투자' 생활형숙박시설, 주택용으로 사용 못 한다",https://www.hankyung.com/realestate/article/2021011435381
653,"[신년특집]독일, '하이테크 전략'으로 디지털 전환 박차",http://www.etnews.com/20201228000019
654,물류 사업 뛰어든 GM…“아마존에 도전장”,http://www.hani.co.kr/arti/economy/global/978623.html
655,'위드 코로나 시대' 일상을 바꾸는 뉴노멀 가전 쏟아진다 [CES 2021],http://www.fnnews.com/news/202101111803060758
656,오늘 CES 개막···中기업 대거 불참 속 IT 코리아 '글로벌 혁신 쇼케이스' ...,https://www.sedaily.com/NewsView/22H7PLYW7Y
657,"""수년간 신중히 검토…3년내 의미있는 M&A 실현 긍정적""",http://www.dt.co.kr/contents.html?article_no=2021012902100351033002&ref=naver
658,[전문가 기고]자원 정책 전략적으로 들여다봐야,http://www.etnews.com/20210125000124
659,"SK “첨단소재-그린-바이오-디지털, 4대 핵심사업”",https://www.donga.com/news/article/all/20210124/105088976/1
660,"SK㈜, 첨단소재 등 `4대사업` 원년 선언…""매력적 기업가치 만든다""",http://www.dt.co.kr/contents.html?article_no=2021012402109932781006&ref=naver
661,사상 첫 온라인 2021 CES… 방역 로봇과 무인 선박 출격한다,https://hankookilbo.com/News/Read/A2021010709250004091?did=NA
662,“실적 든든 3300 간다” “조정 대비 4:3:3 분산을”,https://www.donga.com/news/article/all/20210106/104803627/1
663,미리보는 'CES 2021'…일상 속 '혁신'과 '미래' 펼쳐진다,https://view.asiae.co.kr/article/2021010613031362592
664,"SK, 첨단소재·그린·바이오·디지털 사업 집중 실행…투자 포트폴리오 재편",http://www.etnews.com/20210124000042
665,"현대모비스, 머신러닝·블록체인 기반 AS부품 관리 시스템 구축",http://www.etnews.com/20210103000078
666,"현대차그룹, 미래 모빌리티 기업 가속페달… 2025년 말까지 60.1兆 붓는다",http://www.dt.co.kr/contents.html?article_no=2021010402100632781002&ref=naver
667,"[단독]정의선, 내주 싱가포르 혁신센터 출장",https://www.donga.com/news/article/all/20210121/105019913/1
668,AI·로봇·자율주행 혁신의 향연…코로나 이후 ‘뉴노멀’ 제시,http://news.joins.com/article/olink/23566242
669,"팀쿡 애플CEO ""인종차별 불평등 해소에 1100억원 투자할 것""",http://www.dt.co.kr/contents.html?article_no=2021011402109919039015&ref=naver
674,한국 수출품의 ‘탄소 국경세’ 2030년에 1조8700억원 추산,http://news.khan.co.kr/kh_news/khan_art_view.html?artid=202101130600025&code=920501
675,“반려로봇·배달드론·의료보조…CES 2021 영웅은 로봇”,http://www.hani.co.kr/arti/economy/marketing/978471.html
676,[CES 2021] AI 만난 車···운전자 패턴 학습해 자율주행,https://www.sedaily.com/NewsView/22H87Z8NDI
677,기술로…숫자로…CES 주인공 된 한국기업,https://www.hankyung.com/economy/article/2021011064241
678,CES로 간 매경…미라클레터·비즈니스포럼·웨비나,http://news.mk.co.kr/newsRead.php?no=28947&year=2021
679,코로나 시대 IT·가전 트렌트는…'CES 2021' 첫 온라인 개막,http://news.mt.co.kr/mtview.php?no=2021011011553478830
680,"""이차전지 후공정 통합 솔루션... `K배터리` 글로벌 질주 뒷받침""",http://www.dt.co.kr/contents.html?article_no=2021010802100851650001&ref=naver
681,"상상도 못할 부양책... 美상하원 장악 민주, 바로 돈 뿌릴 듯",https://www.chosun.com/economy/economy_general/2021/01/07/4TW5SL3HR5HGVPI67TAGC73JQ4/?utm_source=naver&utm_medium=referral&utm_campaign=naver-news
682,전통 車생산업체서 혁신 모빌리티 기업으로… 정의선 ‘벽’을 넘다,https://www.donga.com/news/article/all/20210106/104785606/1
683,"이재용 ""새로운 삼성 만들자""…정의선 ""신성장 동력으로 대전환""",https://www.hankyung.com/economy/article/2021010457191
684,5대 그룹 새해 핵심 경영 키워드 '고객 중심·사회적 책임',http://www.edaily.co.kr/news/newspath.asp?newsid=04316486628914440
685,"[KOTRA 2021 대전망] <1>코로나발 산업 재편, 지역별 맞춤전략 짜야",http://www.etnews.com/20210104000039
686,"[신년특집] 에너지 공기업, 디지털 변환·디지털 혁신 가속",http://www.etnews.com/20201227000142
687,"현대모비스, AS부품 인공지능으로 관리한다",https://www.sedaily.com/NewsView/22H42BSP5M
